implementing_agency,state,total_expenditure,work_count,transaction_count,unique_vendors,top_vendor,top_vendor_amount,top_vendor_share,hhi_index,top_vendor_entity_type,concentration_risk,payment_structuring_risk,network_risk_score,evidence
AMROHA(DISTRICT MAGISTRATE JYOTIBAPHULE NAGAR_IDA),Uttar Pradesh,58285938.0,48,59,1,SIDDHU ENTERPRISES,58285938.0,1.0,1.0,PRIVATE_ENTITY,False,True,1.0,['Multiple transactions to the same vendor occurred within a 7-day window (potential payment structuring/fragmentation).']
GIRIDIH(Deputy Commissioner Giridh_IDA),Jharkhand,39032762.0,159,161,1,EXECUTIVE ENGINER NREP GIRIDIH,39032762.0,1.0,1.0,UNKNOWN,False,True,1.0,['Multiple transactions to the same vendor occurred within a 7-day window (potential payment structuring/fragmentation).']
IMPHAL EAST(Deputy Commissioner Imphal East_IDA),Manipur,27117000.0,8,16,1,MURPHY THUMRAH,27117000.0,1.0,1.0,UNKNOWN,False,True,1.0,['Multiple transactions to the same vendor occurred within a 7-day window (potential payment structuring/fragmentation).']
SIMDEGA(Deputy Commissioner simdega_IDA),Jharkhand,20600000.0,51,85,1,EE NREP SIMDEGA,20600000.0,1.0,1.0,UNKNOWN,False,True,1.0,['Multiple transactions to the same vendor occurred within a 7-day window (potential payment structuring/fragmentation).']
BHIND(DISTRICT COLLECTOR BHIND_IDA),Madhya Pradesh,16644467.0,69,118,1,MP STATE AGRO INDUSTRIES DEV CORP LTD,16644467.0,1.0,1.0,PRIVATE_ENTITY,False,True,1.0,['Multiple transactions to the same vendor occurred within a 7-day window (potential payment structuring/fragmentation).']
KAMJONG(Deputy Commissioner Kamjong MPLADS_ida),Manipur,16200000.0,6,12,1,RAMAN CHIHANSUNG,16200000.0,1.0,1.0,UNKNOWN,False,True,1.0,['Multiple transactions to the same vendor occurred within a 7-day window (potential payment structuring/fragmentation).']
PAKUR(Deputy Commissioner Pakur_IDA),Jharkhand,6221697.0,31,31,1,SURAJ KUMAR,6221697.0,1.0,1.0,UNKNOWN,False,True,1.0,['Multiple transactions to the same vendor occurred within a 7-day window (potential payment structuring/fragmentation).']
BAKSA(DEPUTY COMMISSIONER BAKSA_IDA),Assam,2700000.0,4,4,1,DHWRWMSING BARO,2700000.0,1.0,1.0,UNKNOWN,False,True,1.0,['Multiple transactions to the same vendor occurred within a 7-day window (potential payment structuring/fragmentation).']
HAZARIBAGH(DEPUTY COMMISSIONER HAZARIBAGH_IDA),Jharkhand,1897545.0,6,6,1,RAJ KUMAR SAGAR,1897545.0,1.0,1.0,UNKNOWN,False,True,1.0,['Multiple transactions to the same vendor occurred within a 7-day window (potential payment structuring/fragmentation).']
BULDHANA(DISTRICT COLLECTOR BULDHANA_IDA),Maharashtra,1208028.0,2,2,1,SHARMA CONSTRUCTION,1208028.0,1.0,1.0,PRIVATE_ENTITY,False,True,1.0,['Multiple transactions to the same vendor occurred within a 7-day window (potential payment structuring/fragmentation).']
TAPI(District collector Tapi_IDA),Gujarat,439500.0,3,3,1,MAHESHBHAI RANCHHODBHAI PRAJAPATI,439500.0,1.0,1.0,UNKNOWN,False,True,1.0,['Multiple transactions to the same vendor occurred within a 7-day window (potential payment structuring/fragmentation).']
FARRUKHABAD(DISTRICT MAGISTRAE FARRUKHABAD_IDA),Uttar Pradesh,88945856.0,201,220,2,NIGHTINGALE NETWORKS LLP,88448056.0,0.9944,0.9889,UNKNOWN,True,True,0.9928,"[""High vendor concentration detected: Top vendor ('NIGHTINGALE NETWORKS LLP') accounts for 99.4% of total IA expenditure (HHI: 0.989)."", 'Multiple transactions to the same vendor occurred within a 7-day window (potential payment structuring/fragmentation).']"
Debagada(District Collector Deogarh_IDA),Odisha,1000000.0,2,4,2,MANORANJAN BEHERA JE,953136.0,0.9531,0.9107,UNKNOWN,False,True,0.9413,['Multiple transactions to the same vendor occurred within a 7-day window (potential payment structuring/fragmentation).']
Mahrajganj(DISTRICT MAGISTRAE MAHARAJGANJ_IDA),Uttar Pradesh,95676373.0,49,94,8,MS RAMESH CHANDRA PATEL,90325342.0,0.9441,0.8918,UNKNOWN,True,True,0.9291,"[""High vendor concentration detected: Top vendor ('MS RAMESH CHANDRA PATEL') accounts for 94.4% of total IA expenditure (HHI: 0.892)."", 'Multiple transactions to the same vendor occurred within a 7-day window (potential payment structuring/fragmentation).']"
UMARIA(District Collector Umariya_IDA),Madhya Pradesh,7467344.0,20,39,2,MS SANJAY KUMAR TIWARI,6967344.0,0.933,0.8751,UNKNOWN,True,True,0.9174,"[""High vendor concentration detected: Top vendor ('MS SANJAY KUMAR TIWARI') accounts for 93.3% of total IA expenditure (HHI: 0.875)."", 'Multiple transactions to the same vendor occurred within a 7-day window (potential payment structuring/fragmentation).']"
Uttar Dinajpur(DISTRICT MAGISTRATE UTTAR DINAJPUR_IDA),West Bengal,28148611.0,102,102,2,B PAUL AND CO,26230070.0,0.9318,0.873,UNKNOWN,True,True,0.916,"[""High vendor concentration detected: Top vendor ('B PAUL AND CO') accounts for 93.2% of total IA expenditure (HHI: 0.873)."", 'Multiple transactions to the same vendor occurred within a 7-day window (potential payment structuring/fragmentation).']"
Mulugu(District Collector Mulugu_ida),Telangana,6282656.0,26,26,2,EMMADI SHARADA,5808566.0,0.9245,0.8605,UNKNOWN,True,True,0.9076,"[""High vendor concentration detected: Top vendor ('EMMADI SHARADA') accounts for 92.5% of total IA expenditure (HHI: 0.860)."", 'Multiple transactions to the same vendor occurred within a 7-day window (potential payment structuring/fragmentation).']"
Bara Banki(DISTRICT MAGISTRATE BARABANKI_IDA),Uttar Pradesh,85112278.0,25,32,5,PRAHARSH INFRASTRUCTURE,76771727.0,0.902,0.8163,UNKNOWN,True,True,0.8787,"[""High vendor concentration detected: Top vendor ('PRAHARSH INFRASTRUCTURE') accounts for 90.2% of total IA expenditure (HHI: 0.816)."", 'Multiple transactions to the same vendor occurred within a 7-day window (potential payment structuring/fragmentation).']"
UNNAO(DISTRICT MAGIISTRATE UNNAO_IDA),Uttar Pradesh,63423848.0,56,67,7,RAJESH KUMAR PAL,57206584.0,0.902,0.8157,UNKNOWN,True,True,0.8784,"[""High vendor concentration detected: Top vendor ('RAJESH KUMAR PAL') accounts for 90.2% of total IA expenditure (HHI: 0.816)."", 'Multiple transactions to the same vendor occurred within a 7-day window (potential payment structuring/fragmentation).']"
BISHNUPUR(Deputy Commissioner Bishnupur_ida),Manipur,9756343.0,6,10,2,MURPHY THUMRAH,8756343.0,0.8975,0.816,UNKNOWN,True,True,0.8773,"[""High vendor concentration detected: Top vendor ('MURPHY THUMRAH') accounts for 89.8% of total IA expenditure (HHI: 0.816)."", 'Multiple transactions to the same vendor occurred within a 7-day window (potential payment structuring/fragmentation).']"
DARBHANGA(DISTRICT PLANNING OFFICER DARBANGA_IDA),Bihar,115397043.0,230,232,9,BIOLUNAR ENERGY SOLUTION,103498500.0,0.8969,0.8068,UNKNOWN,True,True,0.8725,"[""High vendor concentration detected: Top vendor ('BIOLUNAR ENERGY SOLUTION') accounts for 89.7% of total IA expenditure (HHI: 0.807)."", 'Multiple transactions to the same vendor occurred within a 7-day window (potential payment structuring/fragmentation).']"
Shrawasti(DISTRICT MAGISTRATE SHRAVASTI_IDA),Uttar Pradesh,14754674.0,55,55,2,NAVEEN ENTERPRISES,12888768.0,0.8735,0.7791,PRIVATE_ENTITY,True,True,0.8516,"[""High vendor concentration detected: Top vendor ('NAVEEN ENTERPRISES') accounts for 87.4% of total IA expenditure (HHI: 0.779)."", 'Multiple transactions to the same vendor occurred within a 7-day window (potential payment structuring/fragmentation).']"
LEPARADA(Deputy Commisioner Leparada_IDA),Arunachal Pradesh,3950000.0,10,10,2,MS MD ENTERPRISE,3450000.0,0.8734,0.7789,UNKNOWN,True,True,0.8515,"[""High vendor concentration detected: Top vendor ('MS MD ENTERPRISE') accounts for 87.3% of total IA expenditure (HHI: 0.779)."", 'Multiple transactions to the same vendor occurred within a 7-day window (potential payment structuring/fragmentation).']"
CHURACHANDPUR(Deputy Commissioner Churachandpur MPLADS_ida),Manipur,25951963.0,14,40,3,MPLADS BENEFICIARY COMMITTEE CHURACHANDPUR,22751963.0,0.8767,0.7767,UNKNOWN,True,True,0.8513,"[""High vendor concentration detected: Top vendor ('MPLADS BENEFICIARY COMMITTEE CHURACHANDPUR') accounts for 87.7% of total IA expenditure (HHI: 0.777)."", 'Multiple transactions to the same vendor occurred within a 7-day window (potential payment structuring/fragmentation).']"
KODERMA(DEPUTY COMMISSIONER KODARMA_IDA),Jharkhand,17368887.0,56,56,3,JE SATYENDRA KUMAR,15173235.0,0.8736,0.7712,UNKNOWN,True,True,0.8477,"[""High vendor concentration detected: Top vendor ('JE SATYENDRA KUMAR') accounts for 87.4% of total IA expenditure (HHI: 0.771)."", 'Multiple transactions to the same vendor occurred within a 7-day window (potential payment structuring/fragmentation).']"
NANDURBAR(DISTRICT COLLECTOR NANDURBAR_IDA),Maharashtra,17631016.0,104,104,2,SWAMI POWERTECH,15088081.0,0.8558,0.7531,UNKNOWN,True,True,0.8333,"[""High vendor concentration detected: Top vendor ('SWAMI POWERTECH') accounts for 85.6% of total IA expenditure (HHI: 0.753)."", 'Multiple transactions to the same vendor occurred within a 7-day window (potential payment structuring/fragmentation).']"
BAGHPAT(DISTRICT MAGISTRATE BAGHPAT_IDA),Uttar Pradesh,24778399.0,37,55,4,TECHKRITI INFRATECH PVT LTD,20858195.0,0.8418,0.7191,PRIVATE_ENTITY,True,True,0.8121,"[""High vendor concentration detected: Top vendor ('TECHKRITI INFRATECH PVT LTD') accounts for 84.2% of total IA expenditure (HHI: 0.719)."", 'Multiple transactions to the same vendor occurred within a 7-day window (potential payment structuring/fragmentation).']"
HARDA(District Collector Harda_IDA),Madhya Pradesh,31063090.0,104,110,10,MP STATE AGRO IND CORP HARDA,26146524.0,0.8417,0.7122,UNKNOWN,True,True,0.8086,"[""High vendor concentration detected: Top vendor ('MP STATE AGRO IND CORP HARDA') accounts for 84.2% of total IA expenditure (HHI: 0.712)."", 'Multiple transactions to the same vendor occurred within a 7-day window (potential payment structuring/fragmentation).']"
WOKHA(Deputy Commissioner Wokha_IDA),Nagaland,6000000.0,1,2,1,MHACHEN HUMTSOE,6000000.0,1.0,1.0,UNKNOWN,False,False,0.8,['Vendor allocation across implementing agency shows normal distribution.']
North Tripura(DISTRICT MAGISTRATE and COLLECTOR NORTH TRIPURA DISTRICT_IDA),Tripura,4316480.0,1,1,1,PRASENJIT DAS,4316480.0,1.0,1.0,UNKNOWN,False,False,0.8,['Vendor allocation across implementing agency shows normal distribution.']
KULGAM(Deputy Commissioner Kulgam_IDA),Jammu And Kashmir,1925000.0,1,1,1,FAROOQ AHMAD WANI,1925000.0,1.0,1.0,UNKNOWN,False,False,0.8,['Vendor allocation across implementing agency shows normal distribution.']
KANGPOKPI(Deputy Commissioner Kangpokpi MPLADS_ida),Manipur,1500000.0,1,1,1,RAMAN CHIHANSUNG,1500000.0,1.0,1.0,UNKNOWN,False,False,0.8,['Vendor allocation across implementing agency shows normal distribution.']
Dakshin Bastar Dantewada(Collector Dantewada_IDA),Chhattisgarh,1250000.0,1,1,1,KHAND SHROT SAMANVAYAK SAMAGRA SIKSHA VIKASKHAND GEEDAM,1250000.0,1.0,1.0,UNKNOWN,False,False,0.8,['Vendor allocation across implementing agency shows normal distribution.']
DIBANG VALLEY(Deputy Commisioner Dibang Valley_IDA),Arunachal Pradesh,1200000.0,1,1,1,EMPI MEYA,1200000.0,1.0,1.0,UNKNOWN,False,False,0.8,['Vendor allocation across implementing agency shows normal distribution.']
NORTH EAST(COMMISSIONER MCD NORTH EAST),Delhi,1082937.0,1,1,1,VIVEK ELECTRICALS,1082937.0,1.0,1.0,UNKNOWN,False,False,0.8,['Vendor allocation across implementing agency shows normal distribution.']
CHANGLANG(Deputy Commisioner Changlang_IDA),Arunachal Pradesh,998070.0,1,1,1,SAWIN ENTERPRISE,998070.0,1.0,1.0,UNKNOWN,False,False,0.8,['Vendor allocation across implementing agency shows normal distribution.']
REASI(DC Reasi_2),Jammu And Kashmir,993825.0,1,1,1,OTTO BOCK HEALTHCARE INDIA PVT LTD,993825.0,1.0,1.0,PRIVATE_ENTITY,False,False,0.8,['Vendor allocation across implementing agency shows normal distribution.']
TENGNOUPAL(Deputy Commissioner Tengnoupal MPLADS_ida),Manipur,900000.0,1,1,1,RAMAN CHIHANSUNG,900000.0,1.0,1.0,UNKNOWN,False,False,0.8,['Vendor allocation across implementing agency shows normal distribution.']
SENAPATI(Deputy Commissioner Senapati_IDA),Manipur,749970.0,1,1,1,SAMADON ENTERPRISE,749970.0,1.0,1.0,UNKNOWN,False,False,0.8,['Vendor allocation across implementing agency shows normal distribution.']
DARRANG(DEPUTY COMMISSIONER DARRANG_IDA),Assam,600000.0,1,1,1,H M ENTERPRISE,600000.0,1.0,1.0,UNKNOWN,False,False,0.8,['Vendor allocation across implementing agency shows normal distribution.']
Vav-Tharad(DISTRICT COLLECTOR VAV-THARAD),Gujarat,499807.0,1,1,1,GANGUN GRAM PANCHAYAT,499807.0,1.0,1.0,UNKNOWN,False,False,0.8,['Vendor allocation across implementing agency shows normal distribution.']
MORENA(DISTRICT COLLECTOR MORENA_IDA),Madhya Pradesh,250000.0,1,1,1,RUAR,250000.0,1.0,1.0,UNKNOWN,False,False,0.8,['Vendor allocation across implementing agency shows normal distribution.']
NAWADA(District Planning Officer NAWADA_IDA),Bihar,214300.0,1,1,1,ASSISTANT ENGINEER LAEO VSK NAWADA,214300.0,1.0,1.0,UNKNOWN,False,False,0.8,['Vendor allocation across implementing agency shows normal distribution.']
NUH(Deputy Commissioner Nuh),Haryana,191547.0,1,1,1,THE BESAR COOPRATIVE LABOUR AND CONSTRUCTION SOCIETY LTD,191547.0,1.0,1.0,PRIVATE_ENTITY,False,False,0.8,['Vendor allocation across implementing agency shows normal distribution.']
KISHTWAR(Deputy Commissioner Kishtwar_IDA),Jammu And Kashmir,164000.0,1,1,1,MANZOOR IQBAL BATT,164000.0,1.0,1.0,UNKNOWN,False,False,0.8,['Vendor allocation across implementing agency shows normal distribution.']
LAKSHADWEEP DISTRICT(COLLECTOR CUM DEV COMMISSIONER LAKSHADWEEP_IDA),Lakshadweep,39337535.0,20,20,18,THE MANANGING DIRECTOR KERALA MEDICAL SERVICE COPORATION LTD,32562250.0,0.8278,0.6895,PRIVATE_ENTITY,True,True,0.7931,"[""High vendor concentration detected: Top vendor ('THE MANANGING DIRECTOR KERALA MEDICAL SERVICE COPORATION LTD') accounts for 82.8% of total IA expenditure (HHI: 0.690)."", 'Multiple transactions to the same vendor occurred within a 7-day window (potential payment structuring/fragmentation).']"
PALAMU(DEPUTY COMMISSIONER PALAMAU_IDA),Jharkhand,75899532.0,205,373,2,SITA RAM PATEL,61073569.0,0.8047,0.6856,UNKNOWN,True,True,0.7842,"[""High vendor concentration detected: Top vendor ('SITA RAM PATEL') accounts for 80.5% of total IA expenditure (HHI: 0.686)."", 'Multiple transactions to the same vendor occurred within a 7-day window (potential payment structuring/fragmentation).']"
DIMA HASAO(DEPUTY COMMISSIONER Dima Hasao_IDA),Assam,4998740.0,1,2,2,BIMAL HANSE,4913740.0,0.983,0.9666,UNKNOWN,False,False,0.7782,['Vendor allocation across implementing agency shows normal distribution.']
KHUNTI(DEPUTY COMMISSIONER KHUNTI_IDA),Jharkhand,38018520.0,78,95,2,ASSISTANT ENGINEER ZILA PARISHAD KHUNTI,30140000.0,0.7928,0.6714,UNKNOWN,True,True,0.7735,"[""High vendor concentration detected: Top vendor ('ASSISTANT ENGINEER ZILA PARISHAD KHUNTI') accounts for 79.3% of total IA expenditure (HHI: 0.671)."", 'Multiple transactions to the same vendor occurred within a 7-day window (potential payment structuring/fragmentation).']"
THOUBAL(Deputy Commissioner Thoubal MPLADS_ida),Manipur,14450000.0,4,10,2,MURPHY THUMRAH,11450000.0,0.7924,0.671,UNKNOWN,False,True,0.7732,['Multiple transactions to the same vendor occurred within a 7-day window (potential payment structuring/fragmentation).']
Sant Kabir Nagar(DISTRICT MAGISTRATE SANT KABIR NAGAR_2),Uttar Pradesh,27045627.0,35,37,5,JAI MATA DI VP CONSTRUCTION,21751540.0,0.8043,0.659,PRIVATE_ENTITY,True,True,0.7708,"[""High vendor concentration detected: Top vendor ('JAI MATA DI VP CONSTRUCTION') accounts for 80.4% of total IA expenditure (HHI: 0.659)."", 'Multiple transactions to the same vendor occurred within a 7-day window (potential payment structuring/fragmentation).']"
Gyalshing(DISTRICT COLLECTOR GYALSHING_IDA),Sikkim,14927786.0,10,14,7,TREKOCITY,12000000.0,0.8039,0.6538,UNKNOWN,True,True,0.7681,"[""High vendor concentration detected: Top vendor ('TREKOCITY') accounts for 80.4% of total IA expenditure (HHI: 0.654)."", 'Multiple transactions to the same vendor occurred within a 7-day window (potential payment structuring/fragmentation).']"
DATIA(District Collector Datia_IDA),Madhya Pradesh,11045834.0,30,44,2,M P STATE AGRO INDUSTRIES DEV CORP LTD,8573568.0,0.7762,0.6526,PRIVATE_ENTITY,True,True,0.7591,"[""High vendor concentration detected: Top vendor ('M P STATE AGRO INDUSTRIES DEV CORP LTD') accounts for 77.6% of total IA expenditure (HHI: 0.653)."", 'Multiple transactions to the same vendor occurred within a 7-day window (potential payment structuring/fragmentation).']"
BETUL(DISTRICT COLLECTOR BETUL_IDA),Madhya Pradesh,52477881.0,207,316,62,MP STATE AGRO INDUSTRIES DEVELOPMENT CORP LTD,41807174.0,0.7967,0.638,PRIVATE_ENTITY,True,True,0.758,"[""High vendor concentration detected: Top vendor ('MP STATE AGRO INDUSTRIES DEVELOPMENT CORP LTD') accounts for 79.7% of total IA expenditure (HHI: 0.638)."", 'Multiple transactions to the same vendor occurred within a 7-day window (potential payment structuring/fragmentation).']"
SIWAN(DISTRICT PLANNING OFFICER SIWAN_IDA),Bihar,143231791.0,152,154,17,ALAM BROTHERS,113404000.0,0.7918,0.6314,UNKNOWN,True,True,0.7532,"[""High vendor concentration detected: Top vendor ('ALAM BROTHERS') accounts for 79.2% of total IA expenditure (HHI: 0.631)."", 'Multiple transactions to the same vendor occurred within a 7-day window (potential payment structuring/fragmentation).']"
SHEOHAR(DISTRICT PLANNING OFFICER SEOHAR_IDA),Bihar,12377208.0,14,14,2,R K CONSTRUCTION,9500000.0,0.7675,0.6432,PRIVATE_ENTITY,True,True,0.7518,"[""High vendor concentration detected: Top vendor ('R K CONSTRUCTION') accounts for 76.8% of total IA expenditure (HHI: 0.643)."", 'Multiple transactions to the same vendor occurred within a 7-day window (potential payment structuring/fragmentation).']"
BASTI(DISTRICT MAGISTRATE BASTI_IDA),Uttar Pradesh,152481546.0,156,241,17,JAI CONSTRUCTION,119963972.0,0.7867,0.6233,PRIVATE_ENTITY,True,True,0.7477,"[""High vendor concentration detected: Top vendor ('JAI CONSTRUCTION') accounts for 78.7% of total IA expenditure (HHI: 0.623)."", 'Multiple transactions to the same vendor occurred within a 7-day window (potential payment structuring/fragmentation).']"
IMPHAL WEST(Deputy Commissioner Imphal West MPLADS_IDA),Manipur,44986090.0,26,33,3,MURPHY THUMRAH,34252310.0,0.7614,0.6083,UNKNOWN,True,True,0.7326,"[""High vendor concentration detected: Top vendor ('MURPHY THUMRAH') accounts for 76.1% of total IA expenditure (HHI: 0.608)."", 'Multiple transactions to the same vendor occurred within a 7-day window (potential payment structuring/fragmentation).']"
GARHWA(Deputy Commissioner garhwa_IDA),Jharkhand,23108788.0,72,73,2,JE NREP MP GARHWA,17148788.0,0.7421,0.6172,UNKNOWN,True,True,0.7312,"[""High vendor concentration detected: Top vendor ('JE NREP MP GARHWA') accounts for 74.2% of total IA expenditure (HHI: 0.617)."", 'Multiple transactions to the same vendor occurred within a 7-day window (potential payment structuring/fragmentation).']"
Kasganj(DISTRICT MAGISTRATE KASGANJ KANSHIRAMNAGAR_IDA),Uttar Pradesh,51700181.0,191,365,2,SOMYA CONSTRUCTION,36659805.0,0.7091,0.5874,PRIVATE_ENTITY,True,True,0.7064,"[""High vendor concentration detected: Top vendor ('SOMYA CONSTRUCTION') accounts for 70.9% of total IA expenditure (HHI: 0.587)."", 'Multiple transactions to the same vendor occurred within a 7-day window (potential payment structuring/fragmentation).']"
Soreng(DISTRICT COLLECTOR SORENG_IDA),Sikkim,13301627.0,9,10,6,SHIV SHAKTI FURNITURE,9854724.0,0.7409,0.5676,UNKNOWN,True,True,0.7061,"[""High vendor concentration detected: Top vendor ('SHIV SHAKTI FURNITURE') accounts for 74.1% of total IA expenditure (HHI: 0.568)."", 'Multiple transactions to the same vendor occurred within a 7-day window (potential payment structuring/fragmentation).']"
Amethi(DISTRICT MAGISTRAE AMETHI_IDA),Uttar Pradesh,63916845.0,27,52,10,AADI AND RUDRANSH CONSTRUCTION COMPANY,47467060.0,0.7426,0.5657,PRIVATE_ENTITY,True,True,0.7056,"[""High vendor concentration detected: Top vendor ('AADI AND RUDRANSH CONSTRUCTION COMPANY') accounts for 74.3% of total IA expenditure (HHI: 0.566)."", 'Multiple transactions to the same vendor occurred within a 7-day window (potential payment structuring/fragmentation).']"
ARARIA(DISTRICT PLANNING OFFICER ARARIA_IDA),Bihar,132606146.0,86,86,4,SIGMA ENTERPRISES,94050000.0,0.7092,0.5794,PRIVATE_ENTITY,True,True,0.7025,"[""High vendor concentration detected: Top vendor ('SIGMA ENTERPRISES') accounts for 70.9% of total IA expenditure (HHI: 0.579)."", 'Multiple transactions to the same vendor occurred within a 7-day window (potential payment structuring/fragmentation).']"
SAHEBGANJ(DEPUTY COMMISSIONER SAHEBGANJ_IDA),Jharkhand,20340000.0,130,241,2,AJIT KUMAR,14300000.0,0.703,0.5825,UNKNOWN,True,True,0.7021,"[""High vendor concentration detected: Top vendor ('AJIT KUMAR') accounts for 70.3% of total IA expenditure (HHI: 0.582)."", 'Multiple transactions to the same vendor occurred within a 7-day window (potential payment structuring/fragmentation).']"
FIROZABAD(DISTRICT MAGISTRATE FIROZABAD_IDA),Uttar Pradesh,95931875.0,42,83,3,MS RAJ KAMAL CONSTRUCTIONS,69796613.0,0.7276,0.5674,PRIVATE_ENTITY,True,True,0.702,"[""High vendor concentration detected: Top vendor ('MS RAJ KAMAL CONSTRUCTIONS') accounts for 72.8% of total IA expenditure (HHI: 0.567)."", 'Multiple transactions to the same vendor occurred within a 7-day window (potential payment structuring/fragmentation).']"
PURNIA(DISTRICT PLANNING OFFICER PURNIA_IDA),Bihar,88946418.0,106,106,6,R K CONSTRUCTION,64600000.0,0.7263,0.5567,PRIVATE_ENTITY,True,True,0.6963,"[""High vendor concentration detected: Top vendor ('R K CONSTRUCTION') accounts for 72.6% of total IA expenditure (HHI: 0.557)."", 'Multiple transactions to the same vendor occurred within a 7-day window (potential payment structuring/fragmentation).']"
ETAWAH(DISTRICT MAGISTRATE ETAWAH_IDA),Uttar Pradesh,73645998.0,223,223,15,BAKE BIHARI TRADERS,54070257.0,0.7342,0.5487,UNKNOWN,True,True,0.6946,"[""High vendor concentration detected: Top vendor ('BAKE BIHARI TRADERS') accounts for 73.4% of total IA expenditure (HHI: 0.549)."", 'Multiple transactions to the same vendor occurred within a 7-day window (potential payment structuring/fragmentation).']"
UKHRUL(Deputy Commissioner Ukhrul_ida),Manipur,34400000.0,7,12,2,RAMAN CHIHANSUNG,23400000.0,0.6802,0.565,UNKNOWN,True,True,0.6866,"[""High vendor concentration detected: Top vendor ('RAMAN CHIHANSUNG') accounts for 68.0% of total IA expenditure (HHI: 0.565)."", 'Multiple transactions to the same vendor occurred within a 7-day window (potential payment structuring/fragmentation).']"
MIRZAPUR(DISTRICT MAGISTRATE MIRZAPUR_IDA),Uttar Pradesh,51732584.0,8,10,3,ATHARV ENTERPRISES,34446064.0,0.6658,0.5507,PRIVATE_ENTITY,True,True,0.6751,"[""High vendor concentration detected: Top vendor ('ATHARV ENTERPRISES') accounts for 66.6% of total IA expenditure (HHI: 0.551)."", 'Multiple transactions to the same vendor occurred within a 7-day window (potential payment structuring/fragmentation).']"
Khandwa (East Nimar)(DISTRICT COLLECTOR EAST NIMAR_IDA),Madhya Pradesh,46276293.0,139,278,66,KPL EQUIPMENTS PRIVATE LIMITED,32358345.0,0.6992,0.4955,PRIVATE_ENTITY,True,True,0.6575,"[""High vendor concentration detected: Top vendor ('KPL EQUIPMENTS PRIVATE LIMITED') accounts for 69.9% of total IA expenditure (HHI: 0.496)."", 'Multiple transactions to the same vendor occurred within a 7-day window (potential payment structuring/fragmentation).']"
SINGRAULI(District Collector Singrauli_IDA),Madhya Pradesh,43017957.0,25,47,12,DISTT EDUCATION OFFICER,29950200.0,0.6962,0.4963,UNKNOWN,True,True,0.657,"[""High vendor concentration detected: Top vendor ('DISTT EDUCATION OFFICER') accounts for 69.6% of total IA expenditure (HHI: 0.496)."", 'Multiple transactions to the same vendor occurred within a 7-day window (potential payment structuring/fragmentation).']"
BANDA(DISTRICT MAGISTRATE BANDA_IDA),Uttar Pradesh,49065196.67,177,237,18,DHARMENDRA ENTERPRISES,34020702.12,0.6934,0.4924,PRIVATE_ENTITY,True,True,0.6542,"[""High vendor concentration detected: Top vendor ('DHARMENDRA ENTERPRISES') accounts for 69.3% of total IA expenditure (HHI: 0.492)."", 'Multiple transactions to the same vendor occurred within a 7-day window (potential payment structuring/fragmentation).']"
BHADRADRI KOTHAGUDEM(District Collector Bhadradri Ktdm_IDA),Telangana,14724569.0,32,32,6,CARD BOX COMPANY,10000000.0,0.6791,0.4961,UNKNOWN,True,True,0.6518,"[""High vendor concentration detected: Top vendor ('CARD BOX COMPANY') accounts for 67.9% of total IA expenditure (HHI: 0.496)."", 'Multiple transactions to the same vendor occurred within a 7-day window (potential payment structuring/fragmentation).']"
HATHRAS(DISTRICT MAGISTRATE HATHRAS_IDA),Uttar Pradesh,48694415.0,36,69,5,RAKESH KUMAR SHARMA,33054370.0,0.6788,0.4908,UNKNOWN,True,True,0.6491,"[""High vendor concentration detected: Top vendor ('RAKESH KUMAR SHARMA') accounts for 67.9% of total IA expenditure (HHI: 0.491)."", 'Multiple transactions to the same vendor occurred within a 7-day window (potential payment structuring/fragmentation).']"
LOHARDAGA(DEPUTY COMMISSIONER LOHARDAGA_IDA),Jharkhand,37450298.0,103,103,4,SHYAM BIHARI PRASAD YADAV,24864298.0,0.6639,0.4943,UNKNOWN,True,True,0.6463,"[""High vendor concentration detected: Top vendor ('SHYAM BIHARI PRASAD YADAV') accounts for 66.4% of total IA expenditure (HHI: 0.494)."", 'Multiple transactions to the same vendor occurred within a 7-day window (potential payment structuring/fragmentation).']"
BHAGALPUR(DISTRICT PLANNING OFFICER BHAGALPUR_IDA),Bihar,143121780.0,117,119,8,SHIV DURGA INDUSTRIES,95572259.0,0.6678,0.4837,UNKNOWN,True,True,0.6422,"[""High vendor concentration detected: Top vendor ('SHIV DURGA INDUSTRIES') accounts for 66.8% of total IA expenditure (HHI: 0.484)."", 'Multiple transactions to the same vendor occurred within a 7-day window (potential payment structuring/fragmentation).']"
WEST SINGHBHUM(DEPUTY COMMISSIONER WEST SINGHBHUM_IDA),Jharkhand,45870492.0,93,93,2,ARJUN KUMAR BAURI,27537900.0,0.6003,0.5201,UNKNOWN,True,True,0.6402,"[""High vendor concentration detected: Top vendor ('ARJUN KUMAR BAURI') accounts for 60.0% of total IA expenditure (HHI: 0.520)."", 'Multiple transactions to the same vendor occurred within a 7-day window (potential payment structuring/fragmentation).']"
KAMLE(Deputy Commisioner Kamle_IDA),Arunachal Pradesh,5000000.0,11,11,2,MS RTS ENTERPRISES,3000000.0,0.6,0.52,PRIVATE_ENTITY,True,True,0.64,"[""High vendor concentration detected: Top vendor ('MS RTS ENTERPRISES') accounts for 60.0% of total IA expenditure (HHI: 0.520)."", 'Multiple transactions to the same vendor occurred within a 7-day window (potential payment structuring/fragmentation).']"
MON(Deputy Commissioner Mon_IDA),Nagaland,7887620.0,2,3,2,LHANGTI KONYAK,6800000.0,0.8621,0.7622,UNKNOWN,False,False,0.6398,['Vendor allocation across implementing agency shows normal distribution.']
JALAUN(DISTRICT MAGISTRATE JALAUN_IDA),Uttar Pradesh,42275806.0,136,254,4,SHYAM SWAROOP MANUFACTURERE,27451994.0,0.6494,0.4886,UNKNOWN,True,True,0.6391,"[""High vendor concentration detected: Top vendor ('SHYAM SWAROOP MANUFACTURERE') accounts for 64.9% of total IA expenditure (HHI: 0.489)."", 'Multiple transactions to the same vendor occurred within a 7-day window (potential payment structuring/fragmentation).']"
MORADABAD(DISTRICT MAGISTRATE MORADABAD_IDA),Uttar Pradesh,54805339.0,266,579,6,NATIONAL INFRATECH,35461619.0,0.647,0.4753,PRIVATE_ENTITY,True,True,0.6317,"[""High vendor concentration detected: Top vendor ('NATIONAL INFRATECH') accounts for 64.7% of total IA expenditure (HHI: 0.475)."", 'Multiple transactions to the same vendor occurred within a 7-day window (potential payment structuring/fragmentation).']"
CHIKKABALLAPURA(DEPUTY COMMISSIONER CHICKKABALLAPUR_IDA),Karnataka,26337696.0,49,77,22,PROJECT MANAGER,17650000.0,0.6701,0.457,UNKNOWN,True,True,0.6295,"[""High vendor concentration detected: Top vendor ('PROJECT MANAGER') accounts for 67.0% of total IA expenditure (HHI: 0.457)."", 'Multiple transactions to the same vendor occurred within a 7-day window (potential payment structuring/fragmentation).']"
SHAHDOL(District Collector Shahdol_IDA),Madhya Pradesh,89817751.0,89,165,23,SADGURU SAI INFRA WORLD PVT LTD REWA,60199660.0,0.6702,0.4555,PRIVATE_ENTITY,True,True,0.6288,"[""High vendor concentration detected: Top vendor ('SADGURU SAI INFRA WORLD PVT LTD REWA') accounts for 67.0% of total IA expenditure (HHI: 0.455)."", 'Multiple transactions to the same vendor occurred within a 7-day window (potential payment structuring/fragmentation).']"
CENTRAL(COMMISSIONER MCD (CENTRAL DISTRICT)),Delhi,33850273.0,22,22,14,CENTRAL ELECTRONICS LIMITED,22498131.0,0.6646,0.4535,PRIVATE_ENTITY,True,True,0.6262,"[""High vendor concentration detected: Top vendor ('CENTRAL ELECTRONICS LIMITED') accounts for 66.5% of total IA expenditure (HHI: 0.454)."", 'Multiple transactions to the same vendor occurred within a 7-day window (potential payment structuring/fragmentation).']"
Khowai(DISTRICT MAGISTRATE and COLLECTOR  KHOWAI_IDA),Tripura,22995000.0,19,19,2,SENIOR DEPUTY MAGISTRATE KHOWAI,13000000.0,0.5653,0.5085,UNKNOWN,False,True,0.6239,['Multiple transactions to the same vendor occurred within a 7-day window (potential payment structuring/fragmentation).']
ARWAL(District Planning Officer Arwal_IDA),Bihar,22042182.0,131,131,2,AE KURTHA,12253385.0,0.5559,0.5063,UNKNOWN,False,True,0.6199,['Multiple transactions to the same vendor occurred within a 7-day window (potential payment structuring/fragmentation).']
CHITRAKOOT(DISTRICT MAGISTRATE CHITRAKOOT_IDA),Uttar Pradesh,35081573.0,114,137,3,J B ENTERPRISES,19939392.0,0.5684,0.4975,PRIVATE_ENTITY,False,True,0.6192,['Multiple transactions to the same vendor occurred within a 7-day window (potential payment structuring/fragmentation).']
BANKA(DISTRICT PLANNING OFFICER BANKA_IDA),Bihar,46936729.0,47,48,6,CHANDAN ENTERPRISES,29348000.0,0.6253,0.4573,PRIVATE_ENTITY,True,True,0.6162,"[""High vendor concentration detected: Top vendor ('CHANDAN ENTERPRISES') accounts for 62.5% of total IA expenditure (HHI: 0.457)."", 'Multiple transactions to the same vendor occurred within a 7-day window (potential payment structuring/fragmentation).']"
BHADOHI(DISTRICT MAGISTRATE BHADOHI_IDA),Uttar Pradesh,54272486.0,388,388,8,GANDHI CONSTRUCTION AND SUPPLIER,34852494.0,0.6422,0.4462,PRIVATE_ENTITY,True,True,0.6157,"[""High vendor concentration detected: Top vendor ('GANDHI CONSTRUCTION AND SUPPLIER') accounts for 64.2% of total IA expenditure (HHI: 0.446)."", 'Multiple transactions to the same vendor occurred within a 7-day window (potential payment structuring/fragmentation).']"
RAMBAN(Deputy Commissioner Ramban_IDA),Jammu And Kashmir,12059500.0,26,26,17,VIKRAM ENTERPRISES,7850000.0,0.6509,0.4363,PRIVATE_ENTITY,True,True,0.6134,"[""High vendor concentration detected: Top vendor ('VIKRAM ENTERPRISES') accounts for 65.1% of total IA expenditure (HHI: 0.436)."", 'Multiple transactions to the same vendor occurred within a 7-day window (potential payment structuring/fragmentation).']"
Niwari(District Collector Niwari_IDA),Madhya Pradesh,5483405.0,13,13,11,DEEPAK KUMAR SHARMA,3528574.0,0.6435,0.4382,UNKNOWN,True,True,0.6122,"[""High vendor concentration detected: Top vendor ('DEEPAK KUMAR SHARMA') accounts for 64.4% of total IA expenditure (HHI: 0.438)."", 'Multiple transactions to the same vendor occurred within a 7-day window (potential payment structuring/fragmentation).']"
Cooch Behar(DISTRICT MAGISTRATE COOCHBEHAR_IDA),West Bengal,31354345.0,44,44,4,PABAN AGARWALA,19472363.0,0.621,0.4446,UNKNOWN,True,True,0.6086,"[""High vendor concentration detected: Top vendor ('PABAN AGARWALA') accounts for 62.1% of total IA expenditure (HHI: 0.445)."", 'Multiple transactions to the same vendor occurred within a 7-day window (potential payment structuring/fragmentation).']"
DHANBAD(DEPUTY COMMISSIONER DHANBAD_IDA),Jharkhand,73761145.0,266,419,5,BIRENDRA KUMAR MAHATO,44197500.0,0.5992,0.4494,UNKNOWN,False,True,0.6045,['Multiple transactions to the same vendor occurred within a 7-day window (potential payment structuring/fragmentation).']
SHOPIAN(Deputy Commissioner Shopian_IDA),Jammu And Kashmir,2617600.0,7,10,3,SAJAD AHMAD WANI,1369100.0,0.523,0.4866,UNKNOWN,False,True,0.6002,['Multiple transactions to the same vendor occurred within a 7-day window (potential payment structuring/fragmentation).']
KRA DAADI(DC KRADAADI_IDA),Arunachal Pradesh,3000000.0,3,3,2,T S ENTERPRISES,1500000.0,0.5,0.5,PRIVATE_ENTITY,False,True,0.6,['Multiple transactions to the same vendor occurred within a 7-day window (potential payment structuring/fragmentation).']
GUMLA(DEPUTY COMMISSIONER GUMLA_IDA),Jharkhand,45274459.0,106,143,4,NAMASKAR BOOKS,24000000.0,0.5301,0.4758,UNKNOWN,False,True,0.5969,['Multiple transactions to the same vendor occurred within a 7-day window (potential payment structuring/fragmentation).']
SAHARSA(DISTRICT PLANNING OFFICER SAHARSA_IDA),Bihar,97600884.0,118,119,6,GRAND TRADING COMPANY,56457000.0,0.5784,0.4356,UNKNOWN,False,True,0.5913,['Multiple transactions to the same vendor occurred within a 7-day window (potential payment structuring/fragmentation).']
DEOGHAR(DEPUTY COMMISSIONER DEOGHAR_IDA),Jharkhand,13347186.0,52,67,3,J E N R E P DEOGHAR VENDER ACCOUNT,7724176.0,0.5787,0.4355,UNKNOWN,False,True,0.5913,['Multiple transactions to the same vendor occurred within a 7-day window (potential payment structuring/fragmentation).']
Chamarajanagar(DEPUTY COMMISSIONER CHAMARAJNAGAR_IDA),Karnataka,33427615.0,52,68,5,KRIDL BHUSIRI ACCOUNT WORKS,17575000.0,0.5258,0.4497,UNKNOWN,False,True,0.5826,['Multiple transactions to the same vendor occurred within a 7-day window (potential payment structuring/fragmentation).']
NORTH GOA(DISTRICT COLLECTOR NORTH GOA_IDA),Goa,15476370.0,25,25,5,A S ENTERPRISES,9124304.0,0.5896,0.4114,PRIVATE_ENTITY,False,True,0.5826,['Multiple transactions to the same vendor occurred within a 7-day window (potential payment structuring/fragmentation).']
KOHIMA(DEPUTY COMMISIONER_7),Nagaland,19900000.0,6,10,5,AKUONUO,11000000.0,0.5528,0.4284,UNKNOWN,False,True,0.5801,['Multiple transactions to the same vendor occurred within a 7-day window (potential payment structuring/fragmentation).']
Narayanpet(DISTRICT COLLECTOR NARAYANPET_IDA),Telangana,16864937.0,60,61,9,VIOLET ENTERPRISES,10179707.0,0.6036,0.3959,PRIVATE_ENTITY,True,True,0.579,"[""High vendor concentration detected: Top vendor ('VIOLET ENTERPRISES') accounts for 60.4% of total IA expenditure (HHI: 0.396)."", 'Multiple transactions to the same vendor occurred within a 7-day window (potential payment structuring/fragmentation).']"
Siddharthnagar(DISTRICT MAGISTRATE SIDDHARTH NAGAR_IDA),Uttar Pradesh,51765768.0,52,61,13,NISTHA ENTERPRISES,30711860.0,0.5933,0.4001,PRIVATE_ENTITY,False,True,0.5781,['Multiple transactions to the same vendor occurred within a 7-day window (potential payment structuring/fragmentation).']
PAURI GARHWAL(DISTRICT MAGISTRATE PAURI GARHWAL_IDA),Uttarakhand,1265451.0,3,4,3,PRABHAV GUPTA,715451.0,0.5654,0.4149,UNKNOWN,False,True,0.5771,['Multiple transactions to the same vendor occurred within a 7-day window (potential payment structuring/fragmentation).']
MANCHERIAL(District Collector Mancherial_IDA),Telangana,11314659.0,4,6,3,SVR CONSTRUCTIONS,5683700.0,0.5023,0.45,PRIVATE_ENTITY,False,True,0.5757,['Multiple transactions to the same vendor occurred within a 7-day window (potential payment structuring/fragmentation).']
KATIHAR(DISTRICT PLANNING OFFICER KATIHAR_IDA),Bihar,91461460.0,96,96,4,R K CONSTRUCTION,53075000.0,0.5803,0.4031,PRIVATE_ENTITY,False,True,0.5756,['Multiple transactions to the same vendor occurred within a 7-day window (potential payment structuring/fragmentation).']
Palnadu(District Collector Palnadu_IDA),Andhra Pradesh,1985927.0,3,3,3,ASHOK CONSTRUCTIONS,1599870.0,0.8056,0.6679,PRIVATE_ENTITY,False,False,0.5756,['Vendor allocation across implementing agency shows normal distribution.']
BALAGHAT(DISTRICT COLLECTOR BALAGHAT_IDA),Madhya Pradesh,71162599.0,121,408,18,DEVESH KUMAR PATLE,39998181.0,0.5621,0.4085,UNKNOWN,False,True,0.5729,['Multiple transactions to the same vendor occurred within a 7-day window (potential payment structuring/fragmentation).']
SOUTH SALMARA MANCACHAR(Deputy Commissioner South Salmara Mankachar_IDA),Assam,2343675.0,4,6,3,SHAZIBUL HASSAN MOLLAH,1203675.0,0.5136,0.4217,UNKNOWN,False,True,0.5649,['Multiple transactions to the same vendor occurred within a 7-day window (potential payment structuring/fragmentation).']
ANANTNAG(DEPUTY COMMISSIONER ANANTNAG_IDA),Jammu And Kashmir,11743757.0,13,13,12,MASRAT SIDIQ GILKAR,6894000.0,0.587,0.3667,UNKNOWN,False,True,0.5594,['Multiple transactions to the same vendor occurred within a 7-day window (potential payment structuring/fragmentation).']
RAJGARH(DISTRICT COLLECTOR RAJGARH_IDA),Madhya Pradesh,91407905.0,227,264,10,MP AGRO BIAORA,47158656.0,0.5159,0.4052,UNKNOWN,False,True,0.5574,['Multiple transactions to the same vendor occurred within a 7-day window (potential payment structuring/fragmentation).']
SAMBALPUR(DISTRICT COLLECTOR SAMBALPUR_IDA),Odisha,9932775.0,9,35,13,RTO SAMBALPUR,5753000.0,0.5792,0.3672,UNKNOWN,False,True,0.5574,['Multiple transactions to the same vendor occurred within a 7-day window (potential payment structuring/fragmentation).']
EAST SINGHBUM(DEPUTY COMMISSIONER EAST SINGHBUM_IDA),Jharkhand,75745972.0,173,189,4,KANHAIYA KUMAR SINGH,36742422.0,0.4851,0.4195,UNKNOWN,False,True,0.5553,['Multiple transactions to the same vendor occurred within a 7-day window (potential payment structuring/fragmentation).']
NEEMUCH(District Collector Neemuch_IDA),Madhya Pradesh,4319846.0,34,62,10,DISTRICT EDUCATION OFFICER NEEMUCH,2494846.0,0.5775,0.361,UNKNOWN,False,True,0.5538,['Multiple transactions to the same vendor occurred within a 7-day window (potential payment structuring/fragmentation).']
TAMULPUR(IDA Tamulpur),Assam,2315947.0,13,13,4,DURGA ENTERPRISE,1195414.0,0.5162,0.3959,UNKNOWN,False,True,0.5528,['Multiple transactions to the same vendor occurred within a 7-day window (potential payment structuring/fragmentation).']
RANCHI(DEPUTY COMMISSIONER RANCHI_IDA),Jharkhand,143617550.0,199,363,5,AMIT KUMAR JUNIOR ENGINEER,71561875.0,0.4983,0.4042,UNKNOWN,False,True,0.5516,['Multiple transactions to the same vendor occurred within a 7-day window (potential payment structuring/fragmentation).']
MUNGER(DISTRICT PLANNING OFFICER MUNGER_IDA),Bihar,20381732.0,36,36,4,R K CONSTRUCTION,9400000.0,0.4612,0.3968,PRIVATE_ENTITY,False,True,0.5368,['Multiple transactions to the same vendor occurred within a 7-day window (potential payment structuring/fragmentation).']
Gangapurcity(DISTRICT COLLECTOR Gangapur City_IDA),Rajasthan,498875.0,1,26,24,AMAN ENTERPRISEZ,280000.0,0.5613,0.3335,UNKNOWN,False,True,0.5351,['Multiple transactions to the same vendor occurred within a 7-day window (potential payment structuring/fragmentation).']
GADCHIROLI(DISTRICT COLLECTOR GADCHIROLI_IDA),Maharashtra,10711818.0,11,11,6,SAMIR RAMKRUSHNA TAJNE,5816356.0,0.543,0.3409,UNKNOWN,False,True,0.5334,['Multiple transactions to the same vendor occurred within a 7-day window (potential payment structuring/fragmentation).']
HYDERABAD(DISTRICT COLLECTOR HYDERABAD_IDA),Telangana,19841446.0,13,16,7,A F CONSTRUCTION OP BY ISMAIL,10263845.0,0.5173,0.3552,PRIVATE_ENTITY,False,True,0.5328,['Multiple transactions to the same vendor occurred within a 7-day window (potential payment structuring/fragmentation).']
RAJANNA SIRCILLA(DISTRICT COLLECTOR RAJANNA SIRCILLA_IDA),Telangana,8049749.0,43,43,10,AHMED RAZA,4438111.0,0.5513,0.3345,UNKNOWN,False,True,0.5327,['Multiple transactions to the same vendor occurred within a 7-day window (potential payment structuring/fragmentation).']
INDORE(DISTRICT COLLECTOR INDORE_IDA),Madhya Pradesh,80099229.0,209,302,37,SHRI GANESH ASSOCIATES PROPRIETOR NARAYAN SHARMA,43544349.0,0.5436,0.3318,PRIVATE_ENTITY,False,True,0.529,['Multiple transactions to the same vendor occurred within a 7-day window (potential payment structuring/fragmentation).']
SAMBHAL(DISTRICT MAGISTRAE BHIMNAGAR SAMBHAL_IDA),Uttar Pradesh,52149809.0,146,208,5,MK INFRATECH,27311385.0,0.5237,0.3428,PRIVATE_ENTITY,False,True,0.5285,['Multiple transactions to the same vendor occurred within a 7-day window (potential payment structuring/fragmentation).']
"UPPER SIANG(DISTRICT PLANNING OFFICER,YINGKIONG)",Arunachal Pradesh,3900000.0,4,9,6,B B ENTERPRISES,1969876.0,0.5051,0.3452,PRIVATE_ENTITY,False,True,0.5241,['Multiple transactions to the same vendor occurred within a 7-day window (potential payment structuring/fragmentation).']
KALLAKURICHI(District Collector Kallakurichi_IDA),Tamil Nadu,99759642.0,150,153,14,DHANASEKARAN K,49833996.0,0.4995,0.3432,UNKNOWN,False,True,0.5215,['Multiple transactions to the same vendor occurred within a 7-day window (potential payment structuring/fragmentation).']
Agar-Malwa(District Collector Agar Malwa_IDA),Madhya Pradesh,4850294.0,7,11,3,CEO JANPAD PANCHAYAT AGAR,2100000.0,0.433,0.3814,UNKNOWN,False,True,0.5206,['Multiple transactions to the same vendor occurred within a 7-day window (potential payment structuring/fragmentation).']
LATEHAR(Deputy Commissioner latehar_IDA),Jharkhand,11210563.0,46,46,5,NARESH MANDAL JE ZILA PARISHAD LATEHAR,5520886.0,0.4925,0.3433,UNKNOWN,False,True,0.5194,['Multiple transactions to the same vendor occurred within a 7-day window (potential payment structuring/fragmentation).']
BALLIA(DISTRICT MAGISTRAE BALLIA_IDA),Uttar Pradesh,90816993.0,198,319,14,ARVIND KUMAR PANDEY,48014462.0,0.5287,0.3132,UNKNOWN,False,True,0.5152,['Multiple transactions to the same vendor occurred within a 7-day window (potential payment structuring/fragmentation).']
Alipurduar(DISTRICT MAGISTRATE ALIPURDUARS_IDA),West Bengal,6969593.0,11,11,4,GOKUL CHHETRI,3356262.0,0.4816,0.3408,UNKNOWN,False,True,0.5149,['Multiple transactions to the same vendor occurred within a 7-day window (potential payment structuring/fragmentation).']
JAMTARA(Deputy Commissioner Jamtara_IDA),Jharkhand,27689800.0,101,101,3,SANTOSH KUMAR MONDAL,12200000.0,0.4406,0.3637,UNKNOWN,False,True,0.514,['Multiple transactions to the same vendor occurred within a 7-day window (potential payment structuring/fragmentation).']
SITAMARHI(DISTRICT PLANNING OFFICER SITAMARHI_IDA),Bihar,46262417.0,130,130,14,AV ENTERTAINMENT,24000000.0,0.5188,0.3137,UNKNOWN,False,True,0.5125,['Multiple transactions to the same vendor occurred within a 7-day window (potential payment structuring/fragmentation).']
KAKCHING(Deputy Commissioner Kakching_ida),Manipur,2800989.0,2,3,2,MS HEAVEN TRADERS,2000000.0,0.714,0.5916,UNKNOWN,False,False,0.51,['Vendor allocation across implementing agency shows normal distribution.']
Kushinagar(DISTRICT MAGISTRATE KUSHINAGAR PADRAUNA_IDA),Uttar Pradesh,104957509.0,202,367,27,MAHI ENTERPRISES,54509517.0,0.5193,0.3079,PRIVATE_ENTITY,False,True,0.5098,['Multiple transactions to the same vendor occurred within a 7-day window (potential payment structuring/fragmentation).']
SURAJPUR(DISTRICT COLLECTOR Surajpur_IDA),Chhattisgarh,17624221.0,106,166,19,SANWARIYA BOREWELLS,9289879.0,0.5271,0.3018,UNKNOWN,False,True,0.5091,['Multiple transactions to the same vendor occurred within a 7-day window (potential payment structuring/fragmentation).']
Dhalai(DISTRICT MAGISTRATE DHALAI_IDA),Tripura,5623303.0,2,4,2,DIPESH BISWAS,3993165.0,0.7101,0.5883,UNKNOWN,False,False,0.5072,['Vendor allocation across implementing agency shows normal distribution.']
LOWER SUBANSIRI(Deputy Commissioner Lower Subansir_IDA),Arunachal Pradesh,8100000.0,10,19,7,AVSON ENTERPRISE,3800000.0,0.4691,0.3275,UNKNOWN,False,True,0.5045,['Multiple transactions to the same vendor occurred within a 7-day window (potential payment structuring/fragmentation).']
BALRAMPUR(DISTRICT MAGISTRATE BALRAMPUR_IDA),Uttar Pradesh,15094456.0,18,36,5,S P CONSTRUCTION,7284953.0,0.4826,0.317,PRIVATE_ENTITY,False,True,0.5033,['Multiple transactions to the same vendor occurred within a 7-day window (potential payment structuring/fragmentation).']
KATNI(District Collector Katni_IDA),Madhya Pradesh,4450000.0,7,24,9,GRAM PANCHAYAT KHAMHARIYA BAAGRI,2150000.0,0.4831,0.3152,UNKNOWN,False,True,0.5026,['Multiple transactions to the same vendor occurred within a 7-day window (potential payment structuring/fragmentation).']
Sepahijala(DISTRICT MAGISTRATE and COLLECTOR SIPAHIJALA_IDA),Tripura,26329280.0,4,10,5,SOUMEN ADHIKARY,11322689.0,0.43,0.3462,UNKNOWN,False,True,0.5021,['Multiple transactions to the same vendor occurred within a 7-day window (potential payment structuring/fragmentation).']
KUMURAM BHEEM ASIFABAD(District Collector KB Asifabad_IDA),Telangana,9014209.0,56,56,6,JAGADEESHWAR HANUMANDLA,3996782.0,0.4434,0.3346,UNKNOWN,False,True,0.5003,['Multiple transactions to the same vendor occurred within a 7-day window (potential payment structuring/fragmentation).']
GORAKHPUR(DISTRICT MAGISTRATE GORAKHPUR_IDA),Uttar Pradesh,42648872.0,65,73,8,OM ENTERPRISES,19813912.0,0.4646,0.3216,PRIVATE_ENTITY,False,True,0.5002,['Multiple transactions to the same vendor occurred within a 7-day window (potential payment structuring/fragmentation).']
KISHANGANJ(DISTRICT PLANNING OFFICER KISHANGANJ_IDA),Bihar,61015400.0,94,94,1,RANJIT SALES CORPORATION,61015400.0,1.0,1.0,GOVERNMENT_ENTITY,False,True,0.5,['Multiple transactions to the same vendor occurred within a 7-day window (potential payment structuring/fragmentation).']
Davanagere(DEPUTY COMMISSIONER DAUANAGERE_IDA),Karnataka,56200000.0,66,87,1,NIRMITHI KENDRA DAVANGERE,56200000.0,1.0,1.0,GOVERNMENT_ENTITY,False,True,0.5,['Multiple transactions to the same vendor occurred within a 7-day window (potential payment structuring/fragmentation).']
UTTARA KANNADA(DEPUTY COMMISSIONER UTTARKANNADA KARWAR_IDA),Karnataka,32825000.0,51,80,1,ZILLA NIRMITI KENDRA,32825000.0,1.0,1.0,GOVERNMENT_ENTITY,False,True,0.5,['Multiple transactions to the same vendor occurred within a 7-day window (potential payment structuring/fragmentation).']
CHATRA(DEPUTY COMMISSIONER CHATRA_IDA),Jharkhand,26463088.0,144,144,1,DISTRICT ENGINEER,26463088.0,1.0,1.0,GOVERNMENT_ENTITY,False,True,0.5,['Multiple transactions to the same vendor occurred within a 7-day window (potential payment structuring/fragmentation).']
GADAG(Deputy Commsioner Gadag_ida),Karnataka,23100000.0,42,59,1,PROJECT MANAGER NIRMITI KENDRA GADAG,23100000.0,1.0,1.0,GOVERNMENT_ENTITY,False,True,0.5,['Multiple transactions to the same vendor occurred within a 7-day window (potential payment structuring/fragmentation).']
"KHAWZAWL(Office of the Deputy Commissioner, Khawzawl)",Mizoram,3300000.0,6,7,5,ROBERT KHAMKHANPAU,1500000.0,0.4545,0.3257,UNKNOWN,False,True,0.4992,['Multiple transactions to the same vendor occurred within a 7-day window (potential payment structuring/fragmentation).']
Kandhamala(DISTRICT COLLECTOR KANDHAMAL_IDA),Odisha,37431654.0,111,115,17,MAHAKUMBHA PROPERTIES PVT LIMITED,18946292.0,0.5062,0.2943,PRIVATE_ENTITY,False,True,0.499,['Multiple transactions to the same vendor occurred within a 7-day window (potential payment structuring/fragmentation).']
FARIDABAD(DEPUTY COMMISSIONER FARIDABAD_IDA),Haryana,7562550.0,11,13,6,MENTIZ INFRATECH INDIA,3725598.0,0.4926,0.297,PRIVATE_ENTITY,False,True,0.4963,['Multiple transactions to the same vendor occurred within a 7-day window (potential payment structuring/fragmentation).']
WANAPARTHY(DISTRICT COLLECTOR WANAPARTHY_IDA),Telangana,19981603.0,26,29,14,PRAGATHI CONSTRUCITONS,9968364.0,0.4989,0.2918,UNKNOWN,False,True,0.4956,['Multiple transactions to the same vendor occurred within a 7-day window (potential payment structuring/fragmentation).']
BOKARO(DEPUTY COMMISSIONER BOKARO_IDA),Jharkhand,32065760.0,122,151,4,JUNIOR ENGINEER RDSD BOKARO,14286150.0,0.4455,0.322,UNKNOWN,False,True,0.4946,['Multiple transactions to the same vendor occurred within a 7-day window (potential payment structuring/fragmentation).']
RAMPUR(DISTRICT MAGISTRATE RAMPUR_IDA),Uttar Pradesh,74744421.0,323,344,4,AL ARQAM ENTERPRISES,32148095.0,0.4301,0.3288,PRIVATE_ENTITY,False,True,0.4934,['Multiple transactions to the same vendor occurred within a 7-day window (potential payment structuring/fragmentation).']
ALIRAJPUR(District Collector Alirajpur_IDA),Madhya Pradesh,14265670.0,47,53,4,PRACHI CONSTRUCTION,6295191.0,0.4413,0.3209,PRIVATE_ENTITY,False,True,0.4928,['Multiple transactions to the same vendor occurred within a 7-day window (potential payment structuring/fragmentation).']
GANDERBAL(Deputy Commissioner Ganderbal_IDA),Jammu And Kashmir,1451299.0,4,9,6,GHULAM RASOOL WANI,679566.0,0.4682,0.3032,UNKNOWN,False,True,0.4921,['Multiple transactions to the same vendor occurred within a 7-day window (potential payment structuring/fragmentation).']
GODDA(Deputy Commissioner Godda_IDA),Jharkhand,2325000.0,30,30,3,RAJU SHARMA,925000.0,0.3978,0.3433,UNKNOWN,False,True,0.491,['Multiple transactions to the same vendor occurred within a 7-day window (potential payment structuring/fragmentation).']
BUXAR(DISTRICT PLANNING OFFICER BUXAR_IDA),Bihar,36896366.0,32,34,5,ASSISTANT ENGINEER BRAHMPUR,15158656.0,0.4108,0.3346,UNKNOWN,False,True,0.4906,['Multiple transactions to the same vendor occurred within a 7-day window (potential payment structuring/fragmentation).']
Uttarkashi(DISTRICT COLLECTOR UTTARKASHI_IDA),Uttarakhand,6363065.0,20,117,53,MANBEER SINGH,2817500.0,0.4428,0.3129,UNKNOWN,False,True,0.4893,['Multiple transactions to the same vendor occurred within a 7-day window (potential payment structuring/fragmentation).']
PATNA(DISTRICT PLANNING OFFICER PATNA_IDA),Bihar,56647683.0,66,66,6,ASSISTANT ENGINEER DIGHA,26028319.0,0.4595,0.3006,UNKNOWN,False,True,0.4881,['Multiple transactions to the same vendor occurred within a 7-day window (potential payment structuring/fragmentation).']
Maihar(District Collector Maihar_IDA),Madhya Pradesh,6341154.0,20,26,8,R M MP AGRO SATNA,3102393.0,0.4892,0.2794,UNKNOWN,False,True,0.4865,['Multiple transactions to the same vendor occurred within a 7-day window (potential payment structuring/fragmentation).']
JAGATSINGHAPUR(DISTRICT COLLECTOR JAGATSINGHPUR_IDA),Odisha,5239300.0,12,23,17,SASHIKALA ENTERPRISES,2500000.0,0.4772,0.283,PRIVATE_ENTITY,False,True,0.4847,['Multiple transactions to the same vendor occurred within a 7-day window (potential payment structuring/fragmentation).']
PURULIA(DISTRICT MAGISTRATE PURULIA_IDA),West Bengal,36305010.0,50,50,5,GOPAL CHANDRA CHOWDHURY,15364103.0,0.4232,0.3096,UNKNOWN,False,True,0.4818,['Multiple transactions to the same vendor occurred within a 7-day window (potential payment structuring/fragmentation).']
MANDYA(DEPUTY COMMISSIONER MANDYA_IDA),Karnataka,43040000.0,71,118,3,PROJECT MANAGER NIRMITHI KENDRA MANDYA,41800000.0,0.9712,0.9436,GOVERNMENT_ENTITY,True,True,0.4816,"[""High expenditure concentration (97.1%) associated with a government/entity vendor ('PROJECT MANAGER NIRMITHI KENDRA MANDYA'); concentration alone does not establish irregularity."", 'Multiple transactions to the same vendor occurred within a 7-day window (potential payment structuring/fragmentation).']"
Khargone (West Nimar)(DISTRICT COLLECTOR KHARGONE_IDA),Madhya Pradesh,49676587.0,160,227,13,MP AGRO,23601587.0,0.4751,0.2751,UNKNOWN,False,True,0.4801,['Multiple transactions to the same vendor occurred within a 7-day window (potential payment structuring/fragmentation).']
JODHPUR(DISTRICT COLLECTOR JODHPUR IDA),Rajasthan,1490326.0,2,2,2,LAXMI CONSTRUCTION COMPANY,998499.0,0.67,0.5578,PRIVATE_ENTITY,False,False,0.4799,['Vendor allocation across implementing agency shows normal distribution.']
PHEK(Deputy Commissioner Phek_IDA),Uttar Pradesh,1500000.0,2,4,2,REKHA ROSE DUKRU,1000000.0,0.6667,0.5556,UNKNOWN,False,False,0.4778,['Vendor allocation across implementing agency shows normal distribution.']
"WEST SIANG(DEPUTY COMMISSIONER, WEST SIANG (IDA))",Arunachal Pradesh,8900000.0,10,10,6,MIGOM KAMUM,4000000.0,0.4494,0.2829,UNKNOWN,False,True,0.4763,['Multiple transactions to the same vendor occurred within a 7-day window (potential payment structuring/fragmentation).']
WAYANAD(DISTRICT COLLECTOR WAYANAD_IDA),Kerala,18195137.0,11,19,12,SML ISUZU LTD,8617440.0,0.4736,0.2682,PRIVATE_ENTITY,False,True,0.4762,['Multiple transactions to the same vendor occurred within a 7-day window (potential payment structuring/fragmentation).']
EAST(COMMISSIONER EAST),Delhi,23915861.0,56,57,6,GREENZ,10825332.0,0.4526,0.2788,UNKNOWN,False,True,0.4752,['Multiple transactions to the same vendor occurred within a 7-day window (potential payment structuring/fragmentation).']
WEST GARO HILLS(DEPUTY COMMISSIONER WEST GARO HILLS_IDA),Meghalaya,53370000.0,112,213,67,AIOK M SANGMA,26300000.0,0.4928,0.2501,UNKNOWN,False,True,0.4729,['Multiple transactions to the same vendor occurred within a 7-day window (potential payment structuring/fragmentation).']
NAMSAI(Deputy Commisioner Namsai_IDA),Arunachal Pradesh,6995584.0,9,9,6,SIDHARAT ENTERPRISE,2999986.0,0.4288,0.286,UNKNOWN,False,True,0.4716,['Multiple transactions to the same vendor occurred within a 7-day window (potential payment structuring/fragmentation).']
VALSAD(DISTRICT COLLECTOR VALSAD_IDA),Gujarat,27916791.0,54,54,21,SWARA ENTERPRISES,13370240.0,0.4789,0.2551,PRIVATE_ENTITY,False,True,0.4712,['Multiple transactions to the same vendor occurred within a 7-day window (potential payment structuring/fragmentation).']
Eluru(DISTRICT COLLECTOR ELURU_IDA),Andhra Pradesh,41237305.0,65,67,12,I MAX SCIENCE HOUSE,18800000.0,0.4559,0.2659,UNKNOWN,False,True,0.4697,['Multiple transactions to the same vendor occurred within a 7-day window (potential payment structuring/fragmentation).']
MAHOBA(DISTRICT MAGISTRAE MAHOBA_IDA),Uttar Pradesh,20653081.0,45,51,6,LAKSHYA CONTRUCTION,7928186.0,0.3839,0.3045,UNKNOWN,False,True,0.4674,['Multiple transactions to the same vendor occurred within a 7-day window (potential payment structuring/fragmentation).']
GONDA(DISTRICT MAGISTRATE GONDA_IDA),Uttar Pradesh,126064367.0,157,256,24,SRIJAN CONSTRUCTION,58253154.0,0.4621,0.2572,PRIVATE_ENTITY,False,True,0.4672,['Multiple transactions to the same vendor occurred within a 7-day window (potential payment structuring/fragmentation).']
WARANGAL(District Collector Warangal_IDA),Telangana,24439143.0,149,149,9,KADDHURI KATTAIAH,9850070.0,0.403,0.2908,UNKNOWN,False,True,0.4663,['Multiple transactions to the same vendor occurred within a 7-day window (potential payment structuring/fragmentation).']
NORTH AND MIDDLE ANDAMAN(Implementing District Authority(N&MA)),Andaman And Nicobar Islands,3833520.0,2,2,2,RAVI REALCON PVT LTD,2482831.0,0.6477,0.5436,PRIVATE_ENTITY,False,False,0.4661,['Vendor allocation across implementing agency shows normal distribution.']
HARIDWAR(DISTRICT MAGISTRATE HARIDWAR_IDA),Uttarakhand,4703816.0,8,8,6,VINDHYA SOLAR AND LIGHTING SOLUTIONS,1982860.0,0.4215,0.2785,UNKNOWN,False,True,0.4657,['Multiple transactions to the same vendor occurred within a 7-day window (potential payment structuring/fragmentation).']
TEHRI GARHWAL(DISTRICT MAGISTRATE TEHRI GARHWAL_IDA),Uttarakhand,17094066.0,47,95,44,MASTI RAM,7737751.0,0.4527,0.2563,UNKNOWN,False,True,0.4639,['Multiple transactions to the same vendor occurred within a 7-day window (potential payment structuring/fragmentation).']
LALITPUR(DISTRICT MAGISTRATE LALITPUR_IDA),Uttar Pradesh,30716044.0,64,111,14,AADITYA VAIDHYA,13873007.0,0.4517,0.2494,UNKNOWN,False,True,0.4602,['Multiple transactions to the same vendor occurred within a 7-day window (potential payment structuring/fragmentation).']
JANGOAN(DISTRICT COLLECTOR JANGAON_IDA),Telangana,9705767.0,57,57,12,UPENDER KURELLA,4391800.0,0.4525,0.2433,UNKNOWN,False,True,0.4574,['Multiple transactions to the same vendor occurred within a 7-day window (potential payment structuring/fragmentation).']
MYSURU(DEPUTY COMMISSIONER MYSORE_IDA),Karnataka,67046570.0,119,183,5,MYSORE NIRMITHI KENDRA,62412500.0,0.9309,0.8685,GOVERNMENT_ENTITY,True,True,0.4568,"[""High expenditure concentration (93.1%) associated with a government/entity vendor ('MYSORE NIRMITHI KENDRA'); concentration alone does not establish irregularity."", 'Multiple transactions to the same vendor occurred within a 7-day window (potential payment structuring/fragmentation).']"
"MAJULI(District Commissioner, Majuli)",Assam,4572331.0,27,52,7,MRITYUNJOY KHANIKAR,1969937.0,0.4308,0.2534,UNKNOWN,False,True,0.4559,['Multiple transactions to the same vendor occurred within a 7-day window (potential payment structuring/fragmentation).']
SALEM(DISTRICT COLLECTOR SALEM_IDA),Tamil Nadu,54767463.0,125,126,10,MUNIAN VENKATESAN,24350121.0,0.4446,0.2421,UNKNOWN,False,True,0.4544,['Multiple transactions to the same vendor occurred within a 7-day window (potential payment structuring/fragmentation).']
NAGARKURNOOL(DISTRICT COLLECTOR NAGARKURNOOL_IDA),Telangana,19574305.0,86,86,9,MOHAMMED HASSAN AHEMED,8559506.0,0.4373,0.2433,UNKNOWN,False,True,0.4528,['Multiple transactions to the same vendor occurred within a 7-day window (potential payment structuring/fragmentation).']
"EAST GODAVARI(DISTRICT COLLECTOR, EAST GODAVARI)",Andhra Pradesh,16017035.0,14,18,9,KANDAVALLI BUTCHAMMA,7037241.0,0.4394,0.2421,UNKNOWN,False,True,0.4528,['Multiple transactions to the same vendor occurred within a 7-day window (potential payment structuring/fragmentation).']
Kotputli-Behror(DISTRICT COLLECTOR Kotputli Behror_IDA),Rajasthan,8785877.0,5,8,5,A EN O AND M JVVNL BEHROR RURAL,3597559.0,0.4095,0.2599,UNKNOWN,False,True,0.4528,['Multiple transactions to the same vendor occurred within a 7-day window (potential payment structuring/fragmentation).']
SOUTH GOA(DISTRICT COLLECTOR SOUTH GOA_IDA),Goa,48358008.0,53,78,14,SML ISUZU LTD,17533008.0,0.3626,0.2863,PRIVATE_ENTITY,False,True,0.4519,['Multiple transactions to the same vendor occurred within a 7-day window (potential payment structuring/fragmentation).']
SANGRUR(DEPUTY COMMISSIONER SANGRUR_IDA),Punjab,20056000.0,66,175,68,GHATOURA AGRICULTURE WORKS,9270000.0,0.4622,0.2261,UNKNOWN,False,True,0.4517,['Multiple transactions to the same vendor occurred within a 7-day window (potential payment structuring/fragmentation).']
KAIMUR (BHABUA)(DISTRICT PLANNING OFFICER KAIMUR BHABUA_IDA),Bihar,136150526.0,167,216,7,S K ENTERPRISES,52153311.0,0.3831,0.2691,PRIVATE_ENTITY,False,True,0.4495,['Multiple transactions to the same vendor occurred within a 7-day window (potential payment structuring/fragmentation).']
KASARAGOD(DISTRICT COLLECTOR KASARAGOD_IDA),Kerala,18707507.0,71,84,13,M S COMMUNICATION,6876231.0,0.3676,0.2763,UNKNOWN,False,True,0.4484,['Multiple transactions to the same vendor occurred within a 7-day window (potential payment structuring/fragmentation).']
GURUGRAM(DC CUM NODAL OFFICER MPLADS_5),Haryana,3535714.0,5,5,4,THE MANGAWAS COOPERATIVE LABOUR AND CONSTRUCTION SOCIETY LTD,1272464.0,0.3599,0.2792,PRIVATE_ENTITY,False,True,0.4476,['Multiple transactions to the same vendor occurred within a 7-day window (potential payment structuring/fragmentation).']
SIDHI(DISTRICT COLLECTOR SIDHI_IDA),Madhya Pradesh,71366172.0,171,489,60,MP STATE AGRO IND DEV CORP LTD,32627520.0,0.4572,0.2199,PRIVATE_ENTITY,False,True,0.4471,['Multiple transactions to the same vendor occurred within a 7-day window (potential payment structuring/fragmentation).']
Dangs(DISTRICT COLLECTOR DANG_IDA),Gujarat,7556739.0,12,12,7,SWARA ENTERPRISES,2978950.0,0.3942,0.2535,PRIVATE_ENTITY,False,True,0.445,['Multiple transactions to the same vendor occurred within a 7-day window (potential payment structuring/fragmentation).']
PRATAPGARH(DISTRICT COLLECTOR PRATAPGARH_IDA),Rajasthan,2093587.0,5,37,24,RANAWAT CONSTRUCTION,843705.0,0.403,0.2459,PRIVATE_ENTITY,False,True,0.4439,['Multiple transactions to the same vendor occurred within a 7-day window (potential payment structuring/fragmentation).']
GOPALGANJ(DISTRICT PLANNING OFFICER GOPALGANJ_IDA),Bihar,51862560.0,56,57,15,BIDP INDIA PRIVATE LIMITED,19900000.0,0.3837,0.257,PRIVATE_ENTITY,False,True,0.4436,['Multiple transactions to the same vendor occurred within a 7-day window (potential payment structuring/fragmentation).']
BARWANI(DISTRICT COLLECTOR BADWANI_IDA),Madhya Pradesh,38767208.0,162,272,13,MP STATE AGRO IND DEV CO LTD BARWANI,16574964.0,0.4276,0.2304,PRIVATE_ENTITY,False,True,0.4435,['Multiple transactions to the same vendor occurred within a 7-day window (potential payment structuring/fragmentation).']
KANPUR DEHAT(DISTRICT MAGISTRATE KANPUR DEHAT_IDA),Uttar Pradesh,18847071.800000004,61,84,6,BAKE BIHARI TRADERS,7270429.0,0.3858,0.2514,UNKNOWN,False,True,0.4414,['Multiple transactions to the same vendor occurred within a 7-day window (potential payment structuring/fragmentation).']
PEREN(Deputy Commissioner Peren_IDA),Nagaland,250000.0,2,2,2,NAMDATBOU,150000.0,0.6,0.52,UNKNOWN,False,False,0.44,['Vendor allocation across implementing agency shows normal distribution.']
SARAIKELA KHARSAWAN(Deputy Commissioner saraikela_IDA),Jharkhand,32817405.0,69,88,4,HARI NANDAN RAJAK,11111950.0,0.3386,0.2757,UNKNOWN,False,True,0.4394,['Multiple transactions to the same vendor occurred within a 7-day window (potential payment structuring/fragmentation).']
SHEIKHPURA(DISTRICT PLANNING OFFICER SHEIKHPURA_IDA),Bihar,29985283.0,63,64,5,GYAN GANGA,11573030.0,0.386,0.2463,UNKNOWN,False,True,0.439,['Multiple transactions to the same vendor occurred within a 7-day window (potential payment structuring/fragmentation).']
JABALPUR(DISTRICT COLLECTOR JABALPUR_IDA),Madhya Pradesh,20763914.0,97,99,12,MP AGRO JABALPUR,8661472.0,0.4171,0.2278,UNKNOWN,False,True,0.439,['Multiple transactions to the same vendor occurred within a 7-day window (potential payment structuring/fragmentation).']
PATHANAMTHITTA(DISTRICT COLLECTOR PATHANAMTHITTA_IDA),Kerala,13752386.0,41,41,12,M S COMMUNICATION,5701918.0,0.4146,0.228,UNKNOWN,False,True,0.4384,['Multiple transactions to the same vendor occurred within a 7-day window (potential payment structuring/fragmentation).']
PALWAL(CEO DRDA MPLADS PALWAL),Haryana,15196305.0,28,29,8,MENTIZ INFRATECH INDIA,5878370.0,0.3868,0.2429,PRIVATE_ENTITY,False,True,0.4375,['Multiple transactions to the same vendor occurred within a 7-day window (potential payment structuring/fragmentation).']
BOTAD(District collector Botad_IDA),Gujarat,7041039.0,12,12,9,TATA MOTORS,2860000.0,0.4062,0.2289,UNKNOWN,False,True,0.4363,['Multiple transactions to the same vendor occurred within a 7-day window (potential payment structuring/fragmentation).']
KALABURAGI(DEPUTY COMMISSIONER GULBARGA_IDA),Karnataka,5631243.0,8,10,7,KRIDL BHUSIRI ACCOUNT WORKS,2250000.0,0.3996,0.2303,UNKNOWN,False,True,0.435,['Multiple transactions to the same vendor occurred within a 7-day window (potential payment structuring/fragmentation).']
MAHENDRAGARH(DEPUTY COMMISSIONER MAHENDRAGARH_IDA),Haryana,22024199.0,50,59,29,BIMLA AUTOMOBILES,9500000.0,0.4313,0.2104,UNKNOWN,False,True,0.4346,['Multiple transactions to the same vendor occurred within a 7-day window (potential payment structuring/fragmentation).']
RAYAGADA(DISTRICT COLLECTOR RAYAGADA_IDA),Odisha,25253787.0,98,98,20,RAMESWAR NAIK,10816312.0,0.4283,0.2101,UNKNOWN,False,True,0.4336,['Multiple transactions to the same vendor occurred within a 7-day window (potential payment structuring/fragmentation).']
HAPUR(DISTRICT MAGISTRATE HAPUR_IDA),Uttar Pradesh,44314912.0,54,54,7,GOLDI CONTRACTOR,16303718.0,0.3679,0.2454,UNKNOWN,False,True,0.4331,['Multiple transactions to the same vendor occurred within a 7-day window (potential payment structuring/fragmentation).']
Charkhi Dadri(Deputy Commissioner Charkhi Dadri_IDA),Haryana,14122652.0,39,45,11,BIMLA AUTOMOBILES,5635174.0,0.399,0.2255,UNKNOWN,False,True,0.4324,['Multiple transactions to the same vendor occurred within a 7-day window (potential payment structuring/fragmentation).']
WEST KAMENG(Deputy Commisioner West Kameng_IDA),Arunachal Pradesh,13082720.0,18,24,11,MS MOHNIO ENTERPRISES,5307314.0,0.4057,0.2183,PRIVATE_ENTITY,False,True,0.4309,['Multiple transactions to the same vendor occurred within a 7-day window (potential payment structuring/fragmentation).']
BOUDH(District Collector Boudh_IDA),Odisha,429972.0,2,6,6,BABUN KUMAR SAHU,268878.0,0.6253,0.4864,UNKNOWN,False,False,0.4308,['Vendor allocation across implementing agency shows normal distribution.']
Biswanath(Deputy Commissioner Biswanath_IDA),Assam,43737918.0,57,178,23,R ENTERPRISE,17323486.0,0.3961,0.2229,UNKNOWN,False,True,0.4303,['Multiple transactions to the same vendor occurred within a 7-day window (potential payment structuring/fragmentation).']
BARAN(DISTRICT COLLECTOR BARAN_IDA),Rajasthan,4051304.0,2,5,2,JAI MATA DI CONSTRUCTION KELWARA,2314429.0,0.5713,0.5102,PRIVATE_ENTITY,False,False,0.4265,['Vendor allocation across implementing agency shows normal distribution.']
SHAJAPUR(District Collector Shajapur_IDA),Madhya Pradesh,10146249.0,20,23,8,CEO JANPAD PANCVHAYAT MOMAN BADODIYA,3700000.0,0.3647,0.2341,UNKNOWN,False,True,0.4264,['Multiple transactions to the same vendor occurred within a 7-day window (potential payment structuring/fragmentation).']
Tirupathur(District Collector Tirupathur_IDA),Tamil Nadu,51926096.0,83,88,31,T S SOLAR POWER SYSTEM,21956108.0,0.4228,0.1985,UNKNOWN,False,True,0.4261,['Multiple transactions to the same vendor occurred within a 7-day window (potential payment structuring/fragmentation).']
BAREILLY(DISTRICT MAGISTRAE BAREILLY_IDA),Uttar Pradesh,131356497.0,183,389,22,ANUJ SINGHAL CONTRACTOR,53082951.0,0.4041,0.2024,UNKNOWN,False,True,0.4224,['Multiple transactions to the same vendor occurred within a 7-day window (potential payment structuring/fragmentation).']
ALMORA(DISTRICT MAGISTRATE ALMORA_IDA),Uttarakhand,2403228.0,9,71,62,LAL SINGH JALAL,964470.0,0.4013,0.2031,UNKNOWN,False,True,0.4219,['Multiple transactions to the same vendor occurred within a 7-day window (potential payment structuring/fragmentation).']
MAUGANJ(District Collector Mauganj_IDA),Madhya Pradesh,17269028.0,19,21,11,MP STATE AGRO INDUSTRIES DEVELOPMENT CORP REWA,5726150.0,0.3316,0.2447,UNKNOWN,False,True,0.4218,['Multiple transactions to the same vendor occurred within a 7-day window (potential payment structuring/fragmentation).']
SOUTH WEST(COMMISSIONER MCD SOUTH WEST),Delhi,9378657.0,23,23,7,ASN SERVICES PVT LIMITED,3458561.0,0.3688,0.2162,PRIVATE_ENTITY,False,True,0.4187,['Multiple transactions to the same vendor occurred within a 7-day window (potential payment structuring/fragmentation).']
JAMUI(DISTRICT PLANNING OFFICER JAMUI_IDA),Bihar,89689847.0,213,215,9,CHANCH PRO ENGINEERS,29998800.0,0.3345,0.2349,UNKNOWN,False,True,0.4178,['Multiple transactions to the same vendor occurred within a 7-day window (potential payment structuring/fragmentation).']
JEHANABAD(DISTRICT PLANNING OFFICER JEHANABAD_IDA),Bihar,45889798.0,68,69,6,SIMRAN INDUSTRIES GROUP,15479500.0,0.3373,0.2331,UNKNOWN,False,True,0.4177,['Multiple transactions to the same vendor occurred within a 7-day window (potential payment structuring/fragmentation).']
"Namchi(IMPLEMENTING DISTRICT AGENCY, NAMCHI)",Sikkim,698711.0,1,2,2,ASSISTANT ENGINEER SOUTH DISTRICT ZILLA PANCHAYAT,383737.0,0.5492,0.5048,UNKNOWN,False,False,0.4172,['Vendor allocation across implementing agency shows normal distribution.']
Dakshin Dinajpur(DISTRICT MAGISTRATE DINAJPUR DAKSHIN_IDA),West Bengal,29817156.0,59,59,11,BOND CONSTRUCTION,10598439.0,0.3554,0.2153,PRIVATE_ENTITY,False,True,0.4143,['Multiple transactions to the same vendor occurred within a 7-day window (potential payment structuring/fragmentation).']
KANNAUJ(DISTRICT MAGISTRATE KANNAUJ_IDA),Uttar Pradesh,14016247.0,47,59,17,MS BHARTIYA CONSTRUCTION,5249797.0,0.3746,0.2039,PRIVATE_ENTITY,False,True,0.4143,['Multiple transactions to the same vendor occurred within a 7-day window (potential payment structuring/fragmentation).']
SOLAPUR(DISTRICT COLLECTOR SOLAPUR_IDA),Maharashtra,20551372.0,56,56,16,ABHIJEET AGENCIES SOLAPUR,8182616.0,0.3982,0.1886,UNKNOWN,False,True,0.4137,['Multiple transactions to the same vendor occurred within a 7-day window (potential payment structuring/fragmentation).']
JHARSUGUDA(DISTRICT COLLECTORJHARSUGUDA_IDA),Odisha,2500000.0,5,16,6,MILAN KUMAR NAIK,803833.0,0.3215,0.2337,UNKNOWN,False,True,0.4133,['Multiple transactions to the same vendor occurred within a 7-day window (potential payment structuring/fragmentation).']
Salumbar(DISTRICT COLLECTOR Salumbar_IDA),Rajasthan,4208284.0,12,20,9,RITVI CONSTRUCTIONS,1500000.0,0.3564,0.2121,PRIVATE_ENTITY,False,True,0.413,['Multiple transactions to the same vendor occurred within a 7-day window (potential payment structuring/fragmentation).']
Dudu(DISTRICT COLLECTOR Dudu_IDA),Rajasthan,2845066.0,5,10,5,NARAYAN SINGH DEVENDA,957063.0,0.3364,0.224,UNKNOWN,False,True,0.4129,['Multiple transactions to the same vendor occurred within a 7-day window (potential payment structuring/fragmentation).']
NALGONDA(DISTRICT COLLECTOR NALGONDA),Telangana,32469782.0,131,131,16,DORNALA ANJAIAH,12075457.0,0.3719,0.201,UNKNOWN,False,True,0.4121,['Multiple transactions to the same vendor occurred within a 7-day window (potential payment structuring/fragmentation).']
HASSAN(DEPUTY COMMISSIONER HASSAN_IDA),Karnataka,55798951.0,127,174,52,KRIDL BHUSIRI ACCOUNT WORKS,22449441.0,0.4023,0.1823,UNKNOWN,False,True,0.4119,['Multiple transactions to the same vendor occurred within a 7-day window (potential payment structuring/fragmentation).']
SIRSA(DEPUTY COMMISSIONER SIRSA_IDA),Haryana,17141890.0,76,79,14,KIRPAL SINGH AND SONS,6300000.0,0.3675,0.2021,UNKNOWN,False,True,0.4113,['Multiple transactions to the same vendor occurred within a 7-day window (potential payment structuring/fragmentation).']
BUDAUN(DISTRICT MAGISTRATE BUDAUN_IDA),Uttar Pradesh,143097922.0,100,251,9,SHRI GURU KRIPA NARSINGH ASSOCIATES,49861687.0,0.3484,0.2113,PRIVATE_ENTITY,False,True,0.4102,['Multiple transactions to the same vendor occurred within a 7-day window (potential payment structuring/fragmentation).']
SANGAREDDY(District Collector Sangareddy_IDA),Telangana,28352210.0,101,102,15,MACHNOOR YELLAREDDY,10653190.0,0.3757,0.193,UNKNOWN,False,True,0.4092,['Multiple transactions to the same vendor occurred within a 7-day window (potential payment structuring/fragmentation).']
"BILASPUR(DEPUTY COMMISSIONER, BILASPUR)",Himachal Pradesh,1019874.0,7,12,6,GP PATER MP,350000.0,0.3432,0.2109,UNKNOWN,False,True,0.4084,['Multiple transactions to the same vendor occurred within a 7-day window (potential payment structuring/fragmentation).']
KARGIL(Deputy CommissionerKargil),Ladakh,6009392.0,8,8,6,SML ISUZU LTD,2074000.0,0.3451,0.2079,PRIVATE_ENTITY,False,True,0.4075,['Multiple transactions to the same vendor occurred within a 7-day window (potential payment structuring/fragmentation).']
THIRUVANANTHAPURAM(DISTRICT COLLECTOR THIRUVANANTHAPURAM_IDA),Kerala,70614458.0,171,177,41,ALLUMINA ELECTRONICS,27924819.0,0.3955,0.177,UNKNOWN,False,True,0.4072,['Multiple transactions to the same vendor occurred within a 7-day window (potential payment structuring/fragmentation).']
Khairagarh-Chhuikhadan-Gandai(District Collector Khairagarh_IDA),Chhattisgarh,3999175.0,4,8,4,GAGAN BOOK SUPPLIER,2499775.0,0.6251,0.4376,UNKNOWN,False,False,0.4063,['Vendor allocation across implementing agency shows normal distribution.']
UDAIPUR(DISTRICT COLLECTOR UDAIPUR_IDA),Rajasthan,17017011.0,32,131,36,SHREE RAM ENTERPRISES,6361951.0,0.3739,0.1866,PRIVATE_ENTITY,False,True,0.4054,['Multiple transactions to the same vendor occurred within a 7-day window (potential payment structuring/fragmentation).']
KRISHNAGIRI(DISTRICT COLLECTOR KRISHNAGIRI_IDA),Tamil Nadu,43751650.0,59,59,16,SRI VAARI TOTAL GAZ DISTRIBUTORS,16636426.0,0.3802,0.1825,UNKNOWN,False,True,0.4053,['Multiple transactions to the same vendor occurred within a 7-day window (potential payment structuring/fragmentation).']
PATHANKOT(DEPUTY COMMISSIONER PATHANKOT_IDA),Punjab,10471721.0,58,73,19,MS SRV INTERNATIONAL,3489578.0,0.3332,0.2102,UNKNOWN,False,True,0.4051,['Multiple transactions to the same vendor occurred within a 7-day window (potential payment structuring/fragmentation).']
Anakapalli(DISTRICT COLLECTOR ANAKAPALLI_IDA),Andhra Pradesh,31475352.0,32,38,9,GRAMONNATI,10301118.0,0.3273,0.2121,UNKNOWN,False,True,0.4042,['Multiple transactions to the same vendor occurred within a 7-day window (potential payment structuring/fragmentation).']
GAUTAM BUDDHA NAGAR(DISTRICT MAGISTRATE GAUTAMBUDHNAGAR),Uttar Pradesh,44533519.0,53,80,14,YASHIKA CONSTRUCTION CO,16950280.0,0.3806,0.1799,PRIVATE_ENTITY,False,True,0.4041,['Multiple transactions to the same vendor occurred within a 7-day window (potential payment structuring/fragmentation).']
ETAH(DISTRICT MAGISTRATE ETAH_IDA),Uttar Pradesh,55718663.0,202,394,8,SUPER AGRO,18384658.0,0.33,0.2094,UNKNOWN,False,True,0.4037,['Multiple transactions to the same vendor occurred within a 7-day window (potential payment structuring/fragmentation).']
MEDAK(COLLECTOR MEDAK DISTRICT),Telangana,257016.0,2,2,2,SAI KIRSHNA HONDA,130165.0,0.5064,0.5001,UNKNOWN,False,False,0.402,['Vendor allocation across implementing agency shows normal distribution.']
EAST KAMENG(Deputy Commisioner East Kameng_IDA),Arunachal Pradesh,6500000.0,7,7,5,DONALD REBE ENTERPRISES,2000000.0,0.3077,0.2189,PRIVATE_ENTITY,False,True,0.4018,['Multiple transactions to the same vendor occurred within a 7-day window (potential payment structuring/fragmentation).']
"Sribhumi(Deputy Commissioner , Karimganj)",Assam,66488500.0,43,116,13,BITU RAY,20160000.0,0.3032,0.2214,UNKNOWN,False,True,0.4016,['Multiple transactions to the same vendor occurred within a 7-day window (potential payment structuring/fragmentation).']
KHERI(DISTRICT MAGISTRAE KHERI_IDA),Uttar Pradesh,122588574.0,450,895,6,SHIV KUMAR THEKEDAR,34469115.0,0.2812,0.2333,UNKNOWN,False,True,0.401,['Multiple transactions to the same vendor occurred within a 7-day window (potential payment structuring/fragmentation).']
ANJAW(Deputy Commisioner Anjaw_IDA),Arunachal Pradesh,4000000.0,2,2,2,MS B T CONSTRUCTION,2000000.0,0.5,0.5,PRIVATE_ENTITY,False,False,0.4,['Vendor allocation across implementing agency shows normal distribution.']
DHAR(DISTRICT COLLECTOR DHAR_IDA),Madhya Pradesh,79970723.0,286,472,56,M P AGRO DHAR,31417810.0,0.3929,0.1637,UNKNOWN,False,True,0.3997,['Multiple transactions to the same vendor occurred within a 7-day window (potential payment structuring/fragmentation).']
Parvathipuram Manyam(District Collector Parvathipuram Manyam_IDA),Andhra Pradesh,10313236.0,31,31,11,ATCHUTA RAO REDDI,3198847.0,0.3102,0.212,UNKNOWN,False,True,0.3991,['Multiple transactions to the same vendor occurred within a 7-day window (potential payment structuring/fragmentation).']
DHENKANAL(DISTRICT COLLECTOR DHENKANAL_IDA),Odisha,2008929.0,4,20,12,ASHISH BARDHAN,646470.0,0.3218,0.2002,UNKNOWN,False,True,0.3967,['Multiple transactions to the same vendor occurred within a 7-day window (potential payment structuring/fragmentation).']
KAMAREDDY(District Collector Kamareddy_IDA),Telangana,10935672.0,44,44,12,NAV BHARATH CONSTRUCIONS,3673253.0,0.3359,0.1905,UNKNOWN,False,True,0.396,['Multiple transactions to the same vendor occurred within a 7-day window (potential payment structuring/fragmentation).']
BEGUSARAI(DISTRICT PLANNING OFFICER BEGUSARAI_IDA),Bihar,32994877.0,28,38,7,ASST ENGINEER LAEO WD 1 BEGUSARAI VSK BEGUSARAI,9894239.0,0.2999,0.2113,UNKNOWN,False,True,0.3956,['Multiple transactions to the same vendor occurred within a 7-day window (potential payment structuring/fragmentation).']
Purba Medinipur(DISTRICT MAGISTRATE PURBA MEDINIPUR_IDA),West Bengal,79701635.78,157,159,87,GLOSIA ENERGY INDIA PRIVATE LIMITED,30527316.0,0.383,0.1612,PRIVATE_ENTITY,False,True,0.3955,['Multiple transactions to the same vendor occurred within a 7-day window (potential payment structuring/fragmentation).']
AGRA(DISTRICT MAGISTRAE AGRA_IDA),Uttar Pradesh,195564241.0,139,265,9,SAI ENTERPRISES,64970270.0,0.3322,0.1914,PRIVATE_ENTITY,False,True,0.3954,['Multiple transactions to the same vendor occurred within a 7-day window (potential payment structuring/fragmentation).']
TAWANG(Deputy Commisioner Tawang_IDA),Arunachal Pradesh,2977491.0,2,3,3,MS G T CONSTRUCTION,1478229.0,0.4965,0.4928,PRIVATE_ENTITY,False,False,0.3953,['Vendor allocation across implementing agency shows normal distribution.']
SUPAUL(DISTRICT PLANNING OFFICER SUPAUL_IDA),Bihar,87958077.0,75,75,13,VEENA CONSTRUCTIONS,26709000.0,0.3037,0.2078,PRIVATE_ENTITY,False,True,0.395,['Multiple transactions to the same vendor occurred within a 7-day window (potential payment structuring/fragmentation).']
Khairthal-Tijara(DISTRICT COLLECTOR KHAIRTHAL TIJARA_IDA),Rajasthan,8273922.0,7,7,6,RUPESH AND HAWA SINGH SALES,2373612.0,0.2869,0.2174,UNKNOWN,False,True,0.3948,['Multiple transactions to the same vendor occurred within a 7-day window (potential payment structuring/fragmentation).']
FEROZEPUR(DEPUTY COMMISSIONER FIROZEPUR_IDA),Punjab,51061920.0,203,254,24,THE GILL SEHKARI KIRAT TE USSARI SABHA LTD,16707647.0,0.3272,0.1914,PRIVATE_ENTITY,False,True,0.3939,['Multiple transactions to the same vendor occurred within a 7-day window (potential payment structuring/fragmentation).']
KINNAUR(DEPUTY COMMISSIONER KINNAUR_IDA),Himachal Pradesh,2430703.0,5,52,48,MANJUSHREE PLASTICS PRIVATE LIMITED,899999.0,0.3703,0.1653,PRIVATE_ENTITY,False,True,0.3937,['Multiple transactions to the same vendor occurred within a 7-day window (potential payment structuring/fragmentation).']
DUMKA(DEPUTY COMMISSIONER DUMKA_IDA),Jharkhand,47299305.0,122,122,6,SANDIP KUMAR BHAGAT,14599878.0,0.3087,0.2002,UNKNOWN,False,True,0.3927,['Multiple transactions to the same vendor occurred within a 7-day window (potential payment structuring/fragmentation).']
Anoopgarh(DISTRICT COLLECTOR Anoopgarh_IDA),Rajasthan,1353992.0,3,4,3,SHRI GURU JAMBHESHWAR CONSTRUCTION COMPANY,789974.0,0.5834,0.4353,PRIVATE_ENTITY,False,False,0.3927,['Vendor allocation across implementing agency shows normal distribution.']
MATHURA(DISTRICT MAGISTRAE MATHURA_IDA),Uttar Pradesh,40721168.0,52,82,14,JAY MAHAVEER INFRAVENTURE PRIVATE LIMITED,13605302.0,0.3341,0.1822,PRIVATE_ENTITY,False,True,0.3913,['Multiple transactions to the same vendor occurred within a 7-day window (potential payment structuring/fragmentation).']
CHHOTAUDEPUR(DISTRICT COLLECTOR CHHOTA UDEPUR_IDA),Gujarat,7533406.0,22,22,18,SHIVALAYA CONTRUCTION AND SUPPLIERS,2688000.0,0.3568,0.1679,UNKNOWN,False,True,0.391,['Multiple transactions to the same vendor occurred within a 7-day window (potential payment structuring/fragmentation).']
WEST(COMMISSIONER MCD WEST),Delhi,3696708.0,9,11,5,KHALSA EXPORTS PRIVATE LIMITED,1012971.0,0.274,0.2172,PRIVATE_ENTITY,False,True,0.3908,['Multiple transactions to the same vendor occurred within a 7-day window (potential payment structuring/fragmentation).']
MALERKOTLA(Deputy Commissioner Malerkotla_IDA),Punjab,6553959.0,19,41,24,BRISTO SECURITY SYSTEM,2349215.0,0.3584,0.1659,UNKNOWN,False,True,0.3905,['Multiple transactions to the same vendor occurred within a 7-day window (potential payment structuring/fragmentation).']
BANDIPORA(Deputy Commissioner Bandipora_IDA),Jammu And Kashmir,2471421.0,15,16,5,BLOCK DEVE OFFICER BPR,687448.0,0.2782,0.213,UNKNOWN,False,True,0.39,['Multiple transactions to the same vendor occurred within a 7-day window (potential payment structuring/fragmentation).']
SIROHI(DISTRICT COLLECTOR SIROHI_IDA),Rajasthan,20069454.0,56,108,62,MS GALAXY AGENCY,7200000.0,0.3588,0.1633,UNKNOWN,False,True,0.3893,['Multiple transactions to the same vendor occurred within a 7-day window (potential payment structuring/fragmentation).']
PASCHIM BARDHAMAN(DISTRICT MAGISTRATE PASCHIM BARDHAMAN_IDA),West Bengal,78088704.0,29,32,13,TECHNO BEST,23981948.0,0.3071,0.1937,UNKNOWN,False,True,0.389,['Multiple transactions to the same vendor occurred within a 7-day window (potential payment structuring/fragmentation).']
PRATAPGARH(DISTRICT MAGISTRAE PRATAPGARH_IDA),Uttar Pradesh,63929992.0,350,350,10,JAI PRAKASH,20266269.0,0.317,0.1876,UNKNOWN,False,True,0.3889,['Multiple transactions to the same vendor occurred within a 7-day window (potential payment structuring/fragmentation).']
KODAGU(Deputy Commsioner Kodagu_ida),Karnataka,18300000.0,33,45,3,KODAGU NIRMITHI KENDRA,14625000.0,0.7992,0.6716,GOVERNMENT_ENTITY,True,True,0.3878,"[""High expenditure concentration (79.9%) associated with a government/entity vendor ('KODAGU NIRMITHI KENDRA'); concentration alone does not establish irregularity."", 'Multiple transactions to the same vendor occurred within a 7-day window (potential payment structuring/fragmentation).']"
HINGOLI(DISTRICT COLLECTOR HINGOLI_IDA),Maharashtra,25715195.0,14,16,10,PATHAN FURQAN ABDULLA KHAN,7991410.0,0.3108,0.188,UNKNOWN,False,True,0.3872,['Multiple transactions to the same vendor occurred within a 7-day window (potential payment structuring/fragmentation).']
Pakyong(DISTRICT COLLECTOR PAKYONG_IDA),Sikkim,9475257.0,6,12,7,RAJU ENTERPRISES,2638363.0,0.2784,0.2049,PRIVATE_ENTITY,False,True,0.386,['Multiple transactions to the same vendor occurred within a 7-day window (potential payment structuring/fragmentation).']
JAYASHANKAR BHUPALAPALLY(DISTRICT COLLECTOR JAYASHANKAR BHUPALPALLY_IDA),Telangana,2997836.0,9,10,8,MOKIRALA MADHU VAMSHI KRISHNA,954384.0,0.3184,0.1798,UNKNOWN,False,True,0.3854,['Multiple transactions to the same vendor occurred within a 7-day window (potential payment structuring/fragmentation).']
SHAHJAHANPUR(DISTRICT MAGISTRAE SHAHJAHANAPUR_IDA),Uttar Pradesh,138723000.0,7,45,6,RMK ENTERPRISES,37908000.0,0.2733,0.2064,PRIVATE_ENTITY,False,True,0.3852,['Multiple transactions to the same vendor occurred within a 7-day window (potential payment structuring/fragmentation).']
GHAZIPUR(DISTRICT MAGISTRAE GHAZIPUR_IDA),Uttar Pradesh,127192762.0,267,354,40,SHYAM SOLAR TRADING,44735946.0,0.3517,0.1551,UNKNOWN,False,True,0.383,['Multiple transactions to the same vendor occurred within a 7-day window (potential payment structuring/fragmentation).']
ALIGARH(DISTRICT MAGISTRATE ALIGARH_IDA),Uttar Pradesh,136934270.0,109,199,7,S K CONSTRUCTION,38528631.0,0.2814,0.1955,PRIVATE_ENTITY,False,True,0.3821,['Multiple transactions to the same vendor occurred within a 7-day window (potential payment structuring/fragmentation).']
RAE BARELI(DISTRICT MAGISTRATE RAE BARELI_IDA),Uttar Pradesh,43499929.0,146,168,32,AADI AND RUDRANSH CONSTRUCTION COMPANY,15415232.0,0.3544,0.1511,PRIVATE_ENTITY,False,True,0.3819,['Multiple transactions to the same vendor occurred within a 7-day window (potential payment structuring/fragmentation).']
PRAYAGRAJ(DISTRICT MAGISTRAE ALLAHABAD_IDA),Uttar Pradesh,185973086.0,186,249,26,SUNNY ENTERPRISES,62020218.0,0.3335,0.1634,PRIVATE_ENTITY,False,True,0.3817,['Multiple transactions to the same vendor occurred within a 7-day window (potential payment structuring/fragmentation).']
Ananthapuramu(DISTRICT COLLECTOR ANANTAPUR_IDA),Andhra Pradesh,67379400.0,82,89,26,PASUPARTHI HAREESH,23047867.0,0.3421,0.1566,UNKNOWN,False,True,0.3809,['Multiple transactions to the same vendor occurred within a 7-day window (potential payment structuring/fragmentation).']
NORTH(COMMISSIONER MCD NORTH_IDA),Delhi,13858383.0,25,25,7,KHALSA EXPORTS PRIVATE LIMITED,4186135.0,0.3021,0.1793,PRIVATE_ENTITY,False,True,0.3803,['Multiple transactions to the same vendor occurred within a 7-day window (potential payment structuring/fragmentation).']
DEHRADUN(DISTRICT MAGISTRATE DEHRADUN_IDA),Uttarakhand,30419854.0,87,136,68,MASTI RAM,10713442.0,0.3522,0.1471,UNKNOWN,False,True,0.3792,['Multiple transactions to the same vendor occurred within a 7-day window (potential payment structuring/fragmentation).']
MAHABUBNAGAR(DISTRICT COLLECTOR MAHABUBNAGAR_3),Telangana,12090508.0,43,43,11,VIOLET ENTERPRISES,3745134.0,0.3098,0.1716,PRIVATE_ENTITY,False,True,0.3787,['Multiple transactions to the same vendor occurred within a 7-day window (potential payment structuring/fragmentation).']
GANDHINAGAR(DISTRICT COLLECTOR GANDHINAGAR_IDA),Gujarat,22416998.0,53,56,32,ALPHA EQUIPMENTS,7737422.0,0.3452,0.15,UNKNOWN,False,True,0.3785,['Multiple transactions to the same vendor occurred within a 7-day window (potential payment structuring/fragmentation).']
BULANDSHAHR(DISTRICT MAGISTRATE BULANDSHAHR_IDA),Uttar Pradesh,139892361.0,255,300,9,M S Y R ENTERPRISES,39787677.0,0.2844,0.1852,PRIVATE_ENTITY,False,True,0.3779,['Multiple transactions to the same vendor occurred within a 7-day window (potential payment structuring/fragmentation).']
YADGIR(Deputy Commsioner Yadgir_ida),Karnataka,7915000.0,11,13,3,NIRMITHI KENDRA YADGIR,6205000.0,0.784,0.6384,GOVERNMENT_ENTITY,True,True,0.3772,"[""High expenditure concentration (78.4%) associated with a government/entity vendor ('NIRMITHI KENDRA YADGIR'); concentration alone does not establish irregularity."", 'Multiple transactions to the same vendor occurred within a 7-day window (potential payment structuring/fragmentation).']"
KAUSHAMBI(DISTRICT MAGISTRAE KAUSHAMBI_IDA),Uttar Pradesh,44311944.0,529,750,8,MS GYANCHAND,11974999.0,0.2702,0.1917,UNKNOWN,False,True,0.3769,['Multiple transactions to the same vendor occurred within a 7-day window (potential payment structuring/fragmentation).']
FATEHABAD(Deputy Commissioner Fatehabad),Haryana,7328643.0,34,62,14,NET RAM MANI RAM ELECTRICAL CARPORATION,2160000.0,0.2947,0.1767,UNKNOWN,False,True,0.3768,['Multiple transactions to the same vendor occurred within a 7-day window (potential payment structuring/fragmentation).']
WEST KARBI ANGLONG(DISTRICT COMMISSIONER WEST KARBI ANGLONG),Assam,4580354.0,16,18,13,DIPAK KUMAR YADAV,1460000.0,0.3188,0.1624,UNKNOWN,False,True,0.3768,['Multiple transactions to the same vendor occurred within a 7-day window (potential payment structuring/fragmentation).']
HARDOI(DISTRICT MAGISTRATE HARDOI_IDA),Uttar Pradesh,85755277.0,23,47,20,BALAJI ENTERPRISES,25418170.0,0.2964,0.1754,PRIVATE_ENTITY,False,True,0.3766,['Multiple transactions to the same vendor occurred within a 7-day window (potential payment structuring/fragmentation).']
JAISALMER(DISTRICT COLLECTOR JAISLAMER_IDA),Rajasthan,6601632.0,16,20,6,KALPIT ENTERPRISES,1644500.0,0.2491,0.1996,PRIVATE_ENTITY,False,True,0.3745,['Multiple transactions to the same vendor occurred within a 7-day window (potential payment structuring/fragmentation).']
RATNAGIRI(District Collector Ratnagiri_IDA),Maharashtra,8207672.0,15,17,11,BHUSHAN RAMDAS TULSAVADEKAR,2500000.0,0.3046,0.1651,UNKNOWN,False,True,0.3739,['Multiple transactions to the same vendor occurred within a 7-day window (potential payment structuring/fragmentation).']
NAMAKKAL(DISTRICT COLLECTOR NAMAKKAL_IDA),Tamil Nadu,85181729.0,130,131,32,HINDUSTHAN POWER TECHNOLOGY,29022579.0,0.3407,0.1425,UNKNOWN,False,True,0.3735,['Multiple transactions to the same vendor occurred within a 7-day window (potential payment structuring/fragmentation).']
SURYAPET(DISTRICT COLLECTOR SURYAPET),Telangana,9023056.0,36,37,10,VADLAKONDA SREENU,2498236.0,0.2769,0.1805,UNKNOWN,False,True,0.3733,['Multiple transactions to the same vendor occurred within a 7-day window (potential payment structuring/fragmentation).']
JAUNPUR(DISTRICT MAGISTRATE JAUNPUR_IDA),Uttar Pradesh,107077528.0,1463,1472,31,BHAGWATI CHAND,35289867.0,0.3296,0.1476,UNKNOWN,False,True,0.3727,['Multiple transactions to the same vendor occurred within a 7-day window (potential payment structuring/fragmentation).']
BURHANPUR(District Collector Burhanpur_IDA),Madhya Pradesh,17078941.0,48,50,13,MP STATE AGRO IND DEV CORPN LTD BURHANPUR,5057472.0,0.2961,0.167,PRIVATE_ENTITY,False,True,0.3723,['Multiple transactions to the same vendor occurred within a 7-day window (potential payment structuring/fragmentation).']
YADADRI BHUVANAGIRI(DISTRICT COLLECTOR YADADRI BHUVANAGIRI_IDA),Telangana,17046642.0,163,163,14,NARSIMHULU AKULA,5379181.0,0.3156,0.1492,UNKNOWN,False,True,0.3693,['Multiple transactions to the same vendor occurred within a 7-day window (potential payment structuring/fragmentation).']
JOGULAMBA GADWAL(DISTRICT COLLECTOR JOGULAMBA GADWAL_IDA),Telangana,10288852.0,33,33,10,DONTHI PAVANI,2977230.0,0.2894,0.1624,UNKNOWN,False,True,0.368,['Multiple transactions to the same vendor occurred within a 7-day window (potential payment structuring/fragmentation).']
KARAULI(DISTRICT COLLECTOR KARAULI_IDA),Rajasthan,6754211.0,11,113,104,HARIOM INTERPRIZEZ,1858856.0,0.2752,0.1708,UNKNOWN,False,True,0.368,['Multiple transactions to the same vendor occurred within a 7-day window (potential payment structuring/fragmentation).']
NUAPADA(DISTRICT COLLECTOR  NUAPADA_IDA),Odisha,3308707.0,13,13,8,SANGRAM KESHARI PARIDA,912000.0,0.2756,0.1698,UNKNOWN,False,True,0.3676,['Multiple transactions to the same vendor occurred within a 7-day window (potential payment structuring/fragmentation).']
REWA(DISTRICT COLLECTOR REWA_IDA),Madhya Pradesh,69666397.0,56,57,28,PUNA IRON INDUSTRIES,18972221.0,0.2723,0.171,UNKNOWN,False,True,0.3672,['Multiple transactions to the same vendor occurred within a 7-day window (potential payment structuring/fragmentation).']
NALANDA(DISTRICT PLANNING OFFICER NALANDA_IDA),Bihar,45509064.0,96,97,9,SHEEL SONS,12598710.0,0.2768,0.1673,UNKNOWN,False,True,0.3667,['Multiple transactions to the same vendor occurred within a 7-day window (potential payment structuring/fragmentation).']
TIRAP(DEPUTY COMMISSIONER TIRAP_IDA),Arunachal Pradesh,4000000.0,6,12,7,MAK AND SONS ENTERPRISES,1000000.0,0.25,0.1823,PRIVATE_ENTITY,False,True,0.3661,['Multiple transactions to the same vendor occurred within a 7-day window (potential payment structuring/fragmentation).']
MUZAFFARPUR(DISTRICT PLANNING OFFICER MUZAFFARPUR_IDA),Bihar,227484026.0,134,139,12,INTENT COMPUTER SOLUTIONS,62450000.0,0.2745,0.1663,UNKNOWN,False,True,0.3655,['Multiple transactions to the same vendor occurred within a 7-day window (potential payment structuring/fragmentation).']
MANDSAUR(DISTRICT COLLECTOR MANDSAUR_IDA),Madhya Pradesh,16890998.0,91,112,14,CEO JANPAD PANCHAYAT MANDSAUR,4950000.0,0.2931,0.1543,UNKNOWN,False,True,0.3651,['Multiple transactions to the same vendor occurred within a 7-day window (potential payment structuring/fragmentation).']
KALAHANDI(DISTRICT COLLECTOR KALAHANDI_IDA),Odisha,47796291.0,117,118,25,ANOUSHKA NIRMAN PVT LTD,14000000.0,0.2929,0.1537,PRIVATE_ENTITY,False,True,0.3647,['Multiple transactions to the same vendor occurred within a 7-day window (potential payment structuring/fragmentation).']
DHULE(DISTRICT COLLECTOR DHULE_IDA),Maharashtra,23635398.0,95,95,9,SHRI GANESH ELECTRICAL AND CONTRACTER,6442140.0,0.2726,0.1657,UNKNOWN,False,True,0.3646,['Multiple transactions to the same vendor occurred within a 7-day window (potential payment structuring/fragmentation).']
SHAMLI(DISTRICT MAGISTRATE SHAMLI_IDA),Uttar Pradesh,19804592.0,30,30,7,MARUF ALI CONTRACTOR,5130315.0,0.259,0.1723,UNKNOWN,False,True,0.3639,['Multiple transactions to the same vendor occurred within a 7-day window (potential payment structuring/fragmentation).']
Kakinada(DISTRICT COLLECTOR KAKINADA_IDA),Andhra Pradesh,20468133.0,13,14,12,SRI MURALI KRISHNA CONSTRUCTIONS,5958963.0,0.2911,0.1527,PRIVATE_ENTITY,False,True,0.3637,['Multiple transactions to the same vendor occurred within a 7-day window (potential payment structuring/fragmentation).']
UDHAMPUR(Deputy Commissioner Udhampur_IDA),Jammu And Kashmir,7795098.0,34,40,26,EXPERT DRILLERS,2473452.0,0.3173,0.136,UNKNOWN,False,True,0.3632,['Multiple transactions to the same vendor occurred within a 7-day window (potential payment structuring/fragmentation).']
JHABUA(DISTRICT COLLECTOR JHABUA_IDA),Madhya Pradesh,17935205.0,71,119,33,MP AGRO JHABUA,5890400.0,0.3284,0.1263,UNKNOWN,False,True,0.3617,['Multiple transactions to the same vendor occurred within a 7-day window (potential payment structuring/fragmentation).']
Uttar Bastar Kanker(DISTRICT COLLECTOR KANKER_IDA),Chhattisgarh,21783607.0,40,62,20,JAISWAL WOODEN INDUSTRIES,6500000.0,0.2984,0.1436,UNKNOWN,False,True,0.3613,['Multiple transactions to the same vendor occurred within a 7-day window (potential payment structuring/fragmentation).']
BHAVNAGAR(DISTRICT COLLECTOR BHAVNAGAR_IDA),Gujarat,30338399.0,57,57,51,SARVOTTAM APPLIANCES PRIVATE LIMITED,10000000.0,0.3296,0.1244,PRIVATE_ENTITY,False,True,0.3611,['Multiple transactions to the same vendor occurred within a 7-day window (potential payment structuring/fragmentation).']
GANGANAGAR(Zilla GANGANAGAR),Rajasthan,6714800.0,15,60,34,RAJ CONSTRUCTION COMPANY,1887075.0,0.281,0.1515,PRIVATE_ENTITY,False,True,0.36,['Multiple transactions to the same vendor occurred within a 7-day window (potential payment structuring/fragmentation).']
AURANGABAD(DISTRICT PLANNING OFFICER AURANGABAD_IDA),Bihar,53210053.0,156,159,11,BIDHANSABHA KSHETRA OBRA SAHAYAK ABHIYANTA,14772865.0,0.2776,0.1525,UNKNOWN,False,True,0.3595,['Multiple transactions to the same vendor occurred within a 7-day window (potential payment structuring/fragmentation).']
RAJOURI(Deputy Commissioner Rajouri_IDA),Jammu And Kashmir,5723000.0,10,11,10,GHULAM MURTAZA,1600000.0,0.2796,0.1482,UNKNOWN,False,True,0.358,['Multiple transactions to the same vendor occurred within a 7-day window (potential payment structuring/fragmentation).']
UPPER SUBANSIRI(Deputy Commisioner Upper Subansiri_IDA),Arunachal Pradesh,10100000.0,13,13,10,YAJUM NIRIN,2800000.0,0.2772,0.1493,UNKNOWN,False,True,0.3578,['Multiple transactions to the same vendor occurred within a 7-day window (potential payment structuring/fragmentation).']
PRAKASAM(DISTRICT COLLECTOR PRAKASAM_IDA),Andhra Pradesh,11878734.0,8,10,7,V V SAMBASIVA SRI KRISHNA,2702326.0,0.2275,0.1783,UNKNOWN,False,True,0.3574,['Multiple transactions to the same vendor occurred within a 7-day window (potential payment structuring/fragmentation).']
Sundaragada(DISTRICT COLLECTOR SUNDARGARH_IDA),Odisha,66763914.0,122,278,65,GEETANJALI TRADERS,21264000.0,0.3185,0.1208,UNKNOWN,False,True,0.356,['Multiple transactions to the same vendor occurred within a 7-day window (potential payment structuring/fragmentation).']
BAHRAICH(DISTRICT MAGISTRAE BAHRAICH_IDA),Uttar Pradesh,91359091.0,85,133,11,SRIJAN CONSTRUCTION,24371340.0,0.2668,0.1509,PRIVATE_ENTITY,False,True,0.3555,['Multiple transactions to the same vendor occurred within a 7-day window (potential payment structuring/fragmentation).']
PASHCHIM CHAMPARAN(DISTRICT PLANNING OFFICER WEST CHAMPARANBETTIAH_IDA),Bihar,63664429.0,82,87,7,R K CONSTRUCTION,15480000.0,0.2431,0.1651,PRIVATE_ENTITY,False,True,0.3555,['Multiple transactions to the same vendor occurred within a 7-day window (potential payment structuring/fragmentation).']
SATNA(DISTRICT COLLECTOR SATNA_IDA),Madhya Pradesh,41735129.0,181,201,27,RM MP AGRO SATNA,11749600.0,0.2815,0.1421,UNKNOWN,False,True,0.3555,['Multiple transactions to the same vendor occurred within a 7-day window (potential payment structuring/fragmentation).']
FAZILKA(DEPUTY COMMISSIONER FAZILKA_IDA),Punjab,35225100.0,140,173,31,H S AGRO,8417034.0,0.2389,0.1632,UNKNOWN,False,True,0.3533,['Multiple transactions to the same vendor occurred within a 7-day window (potential payment structuring/fragmentation).']
LOHIT(DEPUTY COMMISSIONER LOHIT_IDA),Arunachal Pradesh,6070376.0,6,11,9,MS ENS ENTERPRISES,1499867.0,0.2471,0.1581,PRIVATE_ENTITY,False,True,0.3532,['Multiple transactions to the same vendor occurred within a 7-day window (potential payment structuring/fragmentation).']
KANPUR NAGAR(DISTRICT MAGISTRAE KANPUR NAGAR_IDA),Uttar Pradesh,186440923.0,219,223,17,VISHWANATH ENTERPRISES,45283519.0,0.2429,0.1597,PRIVATE_ENTITY,False,True,0.3527,['Multiple transactions to the same vendor occurred within a 7-day window (potential payment structuring/fragmentation).']
MURSHIDABAD(DISTRICT MAGISTRATE MURSHIDABAD_IDA),West Bengal,65575163.0,207,209,31,SUPTI ENTERPRISE,19394244.0,0.2958,0.1258,UNKNOWN,False,True,0.3516,['Multiple transactions to the same vendor occurred within a 7-day window (potential payment structuring/fragmentation).']
KARBI ANGLONG(DEPUTY COMMISSIONER KARBI ANGLONG_IDA),Assam,60091415.0,69,172,38,JAMES PHANGCHO,17399995.0,0.2896,0.1281,UNKNOWN,False,True,0.3509,['Multiple transactions to the same vendor occurred within a 7-day window (potential payment structuring/fragmentation).']
MAU(DISTRICT MAGISTRATE MAU_IDA),Uttar Pradesh,53998931.0,172,256,21,BIHARI JI MAHADEV ASSOCIATES,14436157.0,0.2673,0.1398,PRIVATE_ENTITY,False,True,0.3501,['Multiple transactions to the same vendor occurred within a 7-day window (potential payment structuring/fragmentation).']
LUCKNOW(DISTRICT MAGISTRAE LUCKNOW_IDA),Uttar Pradesh,105512953.0,142,152,13,SHREE HARIOM INFOTECH,27495134.0,0.2606,0.143,UNKNOWN,False,True,0.3497,['Multiple transactions to the same vendor occurred within a 7-day window (potential payment structuring/fragmentation).']
IDUKKI(DISTRICT COLLECTOR IDUKKI_IDA),Kerala,40729921.0,43,52,24,VE COMMERCIAL VEHICLES LTD,10511353.0,0.2581,0.1442,PRIVATE_ENTITY,False,True,0.3495,['Multiple transactions to the same vendor occurred within a 7-day window (potential payment structuring/fragmentation).']
NTR(DISTRICT COLLECTOR NTR_IDA),Andhra Pradesh,6329561.0,3,3,3,POWER SOLUTIONS,3290032.0,0.5198,0.3862,UNKNOWN,False,False,0.3491,['Vendor allocation across implementing agency shows normal distribution.']
HAMIRPUR(DISTRICT MAGISTRATE HAMIRPUR_2),Uttar Pradesh,21562611.0,29,33,11,RUDRA TRADERS,5580036.0,0.2588,0.14,UNKNOWN,False,True,0.3476,['Multiple transactions to the same vendor occurred within a 7-day window (potential payment structuring/fragmentation).']
LOWER DIBANG VALLEY(Deputy Commisioner Lower Dibang Valley_IDA),Arunachal Pradesh,17700000.0,18,18,9,MS ANNA ENTERPRISES,4000000.0,0.226,0.1596,PRIVATE_ENTITY,False,True,0.3476,['Multiple transactions to the same vendor occurred within a 7-day window (potential payment structuring/fragmentation).']
KURNOOL(DISTRICT COLLECTOR KURNOOL_IDA),Andhra Pradesh,48475191.0,154,155,12,UMA MAHESWARA TUBE WELLS KURNOOL,11797512.0,0.2434,0.149,UNKNOWN,False,True,0.3475,['Multiple transactions to the same vendor occurred within a 7-day window (potential payment structuring/fragmentation).']
KOPPAL(DEPUTY COMMISSIONER KOPPAL_IDA),Karnataka,62205795.0,116,191,43,KRIDL BHUSIRI ACCOUNT WORKS,18825000.0,0.3026,0.1128,UNKNOWN,False,True,0.3472,['Multiple transactions to the same vendor occurred within a 7-day window (potential payment structuring/fragmentation).']
NORTH WEST(COMMISSIONER NORTH WEST),Delhi,24143218.0,31,32,14,MASTER ELECTRIC STORE,6488745.0,0.2688,0.133,UNKNOWN,False,True,0.3471,['Multiple transactions to the same vendor occurred within a 7-day window (potential payment structuring/fragmentation).']
SARAN(DISTRICT PLANNING OFFICE SARAN CHAPRA_IDA),Bihar,40766159.0,34,35,21,LOKBHARTI PRAKASHAN,12000000.0,0.2944,0.1174,UNKNOWN,False,True,0.347,['Multiple transactions to the same vendor occurred within a 7-day window (potential payment structuring/fragmentation).']
KANNIYAKUMARI(DISTRICT COLLECTOR KANNIYAKUMARI_IDA),Tamil Nadu,61773452.0,56,67,29,R CHANDRASEKARAN,17995461.0,0.2913,0.1182,UNKNOWN,False,True,0.3465,['Multiple transactions to the same vendor occurred within a 7-day window (potential payment structuring/fragmentation).']
PANCH MAHALS(DISTRICT COLLECTOR PANCHMAHALS_IDA),Gujarat,32149000.0,118,119,84,KRUPAL CONSTRUCTION,10000000.0,0.3111,0.1058,PRIVATE_ENTITY,False,True,0.3462,['Multiple transactions to the same vendor occurred within a 7-day window (potential payment structuring/fragmentation).']
JALPAIGURI(DISTRICT MAGISTRATE JALPAIGURI_IDA),West Bengal,12082736.0,5,5,3,CONSTRUCON POWER ENGINEERING,6219177.0,0.5147,0.3835,UNKNOWN,False,False,0.3462,['Vendor allocation across implementing agency shows normal distribution.']
FARIDKOT(DEPUTY COMMISSIONER FARIDKOT_IDA),Punjab,58865805.0,298,365,68,GILL TRADING COMPANY,17083604.0,0.2902,0.117,UNKNOWN,False,True,0.3456,['Multiple transactions to the same vendor occurred within a 7-day window (potential payment structuring/fragmentation).']
Jhargram(DISTRICT MAGISTRATE JHARGRAM_IDA),West Bengal,51508747.0,29,34,13,ATANU PATRA,11678298.0,0.2267,0.1551,UNKNOWN,False,True,0.3456,['Multiple transactions to the same vendor occurred within a 7-day window (potential payment structuring/fragmentation).']
EAST SIANG(Deputy Commisioner East Siang_IDA),Arunachal Pradesh,38670468.0,45,83,33,BKM ENTERPRISES,10695137.0,0.2766,0.1237,PRIVATE_ENTITY,False,True,0.3448,['Multiple transactions to the same vendor occurred within a 7-day window (potential payment structuring/fragmentation).']
DEWAS(DISTRICT COLLECTOR DEWAS_IDA),Madhya Pradesh,30979824.0,75,102,12,CEO JANPAD PANCHAYAT DEWAS,7438000.0,0.2401,0.1447,UNKNOWN,False,True,0.3444,['Multiple transactions to the same vendor occurred within a 7-day window (potential payment structuring/fragmentation).']
MALKANGIRI(District Collector Malkangiri_IDA),Odisha,9935798.0,23,23,10,PRDEEPTA KUMAR PANDA,2500000.0,0.2516,0.1378,UNKNOWN,False,True,0.3444,['Multiple transactions to the same vendor occurred within a 7-day window (potential payment structuring/fragmentation).']
FATEHPUR(DISTRICT MAGISTRATE FATEHPUR_IDA),Uttar Pradesh,35707059.0,46,61,17,MS MAHENDRA KUMAR UTTAM,8540926.0,0.2392,0.1432,UNKNOWN,False,True,0.3434,['Multiple transactions to the same vendor occurred within a 7-day window (potential payment structuring/fragmentation).']
ERNAKULAM(DISTRICT COLLECTOR ERNAKULAM_IDA),Kerala,59921301.0,100,114,40,VE COMMERCIAL VEHICLES LTD,16040361.0,0.2677,0.1251,PRIVATE_ENTITY,False,True,0.3429,['Multiple transactions to the same vendor occurred within a 7-day window (potential payment structuring/fragmentation).']
KOLAR(DEPUTY COMMISSIONER KOLAR_IDA),Karnataka,30441084.0,52,94,28,KRIDL BHUSIRI ACCOUNT WORKS,8148000.0,0.2677,0.1214,UNKNOWN,False,True,0.341,['Multiple transactions to the same vendor occurred within a 7-day window (potential payment structuring/fragmentation).']
DHARMAPURI(DISTRICT COLLECTOR DHARMAPURI_IDA),Tamil Nadu,64109743.0,112,112,16,AYODHYA ENTERPRISES,14914179.0,0.2326,0.142,PRIVATE_ENTITY,False,True,0.3408,['Multiple transactions to the same vendor occurred within a 7-day window (potential payment structuring/fragmentation).']
RANGA REDDY(DISTRICT COLLECTOR RANGAREDDY_IDA),Telangana,45716522.0,172,172,24,VIOLET ENTERPRISES,11982222.0,0.2621,0.1241,PRIVATE_ENTITY,False,True,0.3407,['Multiple transactions to the same vendor occurred within a 7-day window (potential payment structuring/fragmentation).']
BAGESHWAR(DISTRICT MAGISTRATE BAGESHWAR_IDA),Uttarakhand,1094475.0,7,66,52,MS MEENAKSHI HARDWARE,267100.0,0.244,0.1343,UNKNOWN,False,True,0.3404,['Multiple transactions to the same vendor occurred within a 7-day window (potential payment structuring/fragmentation).']
EAST GARO HILLS(DEPUTY COMMISSIONER EAST GARO HILLS WILLIAMNAGAR_IDA),Meghalaya,18400000.0,30,61,28,MEGHNA CHADA MARAK,5000000.0,0.2717,0.1147,UNKNOWN,False,True,0.3389,['Multiple transactions to the same vendor occurred within a 7-day window (potential payment structuring/fragmentation).']
MUZAFFARNAGAR(DISTRICT MAGISTRATE MUZAFFARNAGAR_IDA),Uttar Pradesh,72838737.0,121,234,26,SATYAVER SIGH CONTRACTOR AND SUPPLIER,18189302.0,0.2497,0.1268,UNKNOWN,False,True,0.3383,['Multiple transactions to the same vendor occurred within a 7-day window (potential payment structuring/fragmentation).']
BALLARI(DEPUTY COMMISSIONER BELLARY_IDA),Karnataka,14737146.0,20,27,4,BELLARY NIRMITHI KENDRA BELLARY,10360093.0,0.703,0.5308,GOVERNMENT_ENTITY,True,True,0.3382,"[""High expenditure concentration (70.3%) associated with a government/entity vendor ('BELLARY NIRMITHI KENDRA BELLARY'); concentration alone does not establish irregularity."", 'Multiple transactions to the same vendor occurred within a 7-day window (potential payment structuring/fragmentation).']"
SIANG(Deputy Commisioner Siang_IDA),Arunachal Pradesh,7199972.0,11,30,25,MS ANAND ENTERPRISES,2000000.0,0.2778,0.1092,PRIVATE_ENTITY,False,True,0.338,['Multiple transactions to the same vendor occurred within a 7-day window (potential payment structuring/fragmentation).']
MARIGAON(District Development Commissioner Morigaon),Assam,33109962.0,91,267,40,PRITOM TRIBEDI,8829367.0,0.2667,0.1155,UNKNOWN,False,True,0.3377,['Multiple transactions to the same vendor occurred within a 7-day window (potential payment structuring/fragmentation).']
KOLASIB(Deputy Commissioner Kolasib),Mizoram,9500000.0,13,27,11,VILLAGE COUNCIL KAWNPUI III,2250000.0,0.2368,0.1302,UNKNOWN,False,True,0.3361,['Multiple transactions to the same vendor occurred within a 7-day window (potential payment structuring/fragmentation).']
ERODE(DISTRICT_COLLECTORE_ERODE_IDA),Tamil Nadu,132513450.0,175,175,55,QUALITTY ENTERPRISES,37696461.0,0.2845,0.1013,PRIVATE_ENTITY,False,True,0.336,['Multiple transactions to the same vendor occurred within a 7-day window (potential payment structuring/fragmentation).']
BARAMULLA(DEPUTY COMMISSIONER BARAMULLAH_IDA),Jammu And Kashmir,7120591.0,18,21,11,TATA MOTORS,1581422.0,0.2221,0.1386,UNKNOWN,False,True,0.3359,['Multiple transactions to the same vendor occurred within a 7-day window (potential payment structuring/fragmentation).']
Anugola(DISTRICT COLLECTORANGUL_IDA),Odisha,2024312.0,3,3,3,JYOTSNARANI PRADHAN,994184.0,0.4911,0.3763,UNKNOWN,False,False,0.3355,['Vendor allocation across implementing agency shows normal distribution.']
SAGAR(DISTRICT COLLECTOR SAGAR_IDA),Madhya Pradesh,96939567.0,204,281,83,MAHALAXMI INDUSTRIES,26216488.0,0.2704,0.1086,UNKNOWN,False,True,0.3354,['Multiple transactions to the same vendor occurred within a 7-day window (potential payment structuring/fragmentation).']
CHITTORGARH(DISTRICT COLLECTOR CHITTORGARH_IDA),Rajasthan,4590661.0,10,36,30,KRISHNA BRICKS,983854.0,0.2143,0.1415,UNKNOWN,False,True,0.335,['Multiple transactions to the same vendor occurred within a 7-day window (potential payment structuring/fragmentation).']
PEDDAPALLI(District Collector Peddapally_IDA),Telangana,4560486.0,15,15,9,T RAJALINGAIAH,998578.0,0.219,0.1325,UNKNOWN,False,True,0.3319,['Multiple transactions to the same vendor occurred within a 7-day window (potential payment structuring/fragmentation).']
DEORIA(DISTRICT MAGISTRATE DEORIA),Uttar Pradesh,110578866.0,164,293,41,MS AMAR MANI TRIPATHI,29559735.0,0.2673,0.1028,UNKNOWN,False,True,0.3316,['Multiple transactions to the same vendor occurred within a 7-day window (potential payment structuring/fragmentation).']
Nirmal(DISTRICT COLLECTOR NIRMAL_3),Telangana,9804299.0,35,35,22,MATEGAMA VINOD REDDY,2617296.0,0.267,0.1022,UNKNOWN,False,True,0.3312,['Multiple transactions to the same vendor occurred within a 7-day window (potential payment structuring/fragmentation).']
Mayiladuthurai(District Collector Mayiladuthurai_IDA),Tamil Nadu,23452997.0,32,33,14,SRI SAI ENTERPRISES,5800000.0,0.2473,0.1136,PRIVATE_ENTITY,False,True,0.331,['Multiple transactions to the same vendor occurred within a 7-day window (potential payment structuring/fragmentation).']
Alluri Sitharama Raju(DISTRICT COLLECTOR ALLURI SITHARAMARAJU_IDA),Andhra Pradesh,62455874.0,55,57,17,SRI SAI LAKSHMI CONSTRUCTIONS,14270871.0,0.2285,0.124,PRIVATE_ENTITY,False,True,0.3306,['Multiple transactions to the same vendor occurred within a 7-day window (potential payment structuring/fragmentation).']
DINDORI(District Collector Dindori_IDA),Madhya Pradesh,9854282.0,27,41,17,MP STATE AGRO,2400640.0,0.2436,0.1142,UNKNOWN,False,True,0.3302,['Multiple transactions to the same vendor occurred within a 7-day window (potential payment structuring/fragmentation).']
CHENGALPATTU(District Collector Chengalpattu_IDA),Tamil Nadu,71823235.0,220,222,31,T S SOLAR POWER SYSTEM,18749346.0,0.261,0.103,UNKNOWN,False,True,0.3298,['Multiple transactions to the same vendor occurred within a 7-day window (potential payment structuring/fragmentation).']
Balotra(DISTRICT COLLECTOR Balotra_IDA),Rajasthan,26007250.0,57,87,40,JASNATH COMPUTER SALE AND SERVICE,6585800.0,0.2532,0.1074,UNKNOWN,False,True,0.3297,['Multiple transactions to the same vendor occurred within a 7-day window (potential payment structuring/fragmentation).']
Visakhapatnam(DISTRICT COLLECTOR VISAKHAPATNAM_IDA),Andhra Pradesh,14360011.0,18,20,11,SHAIK SARDAR,3198357.0,0.2227,0.1252,UNKNOWN,False,True,0.3294,['Multiple transactions to the same vendor occurred within a 7-day window (potential payment structuring/fragmentation).']
BENGALURU RURAL(DEPUTY COMMISSIONER BANGALORE RURAL SBM URBAN),Karnataka,20244131.0,46,84,12,NIRMITHI KENDRA BANGALORE RURAL DISTRICT,14094702.0,0.6962,0.4976,GOVERNMENT_ENTITY,True,True,0.3288,"[""High expenditure concentration (69.6%) associated with a government/entity vendor ('NIRMITHI KENDRA BANGALORE RURAL DISTRICT'); concentration alone does not establish irregularity."", 'Multiple transactions to the same vendor occurred within a 7-day window (potential payment structuring/fragmentation).']"
KUPWARA(Deputy Commissioner Kupwara_IDA),Jammu And Kashmir,17653235.0,22,30,22,MADIHA TRADERS,3572000.0,0.2023,0.136,UNKNOWN,False,True,0.3287,['Multiple transactions to the same vendor occurred within a 7-day window (potential payment structuring/fragmentation).']
KHAGARIA(DISTRICT PLANNING OFFICER KHAGARIA_IDA),Bihar,52911999.0,51,51,10,ASSISTANT ENGINEER KHAGARIA,11776793.0,0.2226,0.123,UNKNOWN,False,True,0.3283,['Multiple transactions to the same vendor occurred within a 7-day window (potential payment structuring/fragmentation).']
SRINAGAR(DEPUTY COMMISSIONER SRINAGAR_IDA),Jammu And Kashmir,10255284.0,35,37,26,ALYAS AHMAD MIR,2677819.0,0.2611,0.0997,UNKNOWN,False,True,0.3282,['Multiple transactions to the same vendor occurred within a 7-day window (potential payment structuring/fragmentation).']
AMRITSAR(DEPUTY COMMISSIONER AMRITSAR_IDA),Punjab,69819872.0,188,340,126,THE CHAWINDA COOPRATIVE LABOUR AND CONSTRUCTION SOCIETY,17548762.0,0.2513,0.1054,PRIVATE_ENTITY,False,True,0.3281,['Multiple transactions to the same vendor occurred within a 7-day window (potential payment structuring/fragmentation).']
PILIBHIT(DISTRICT MAGISTRAE PILIBHIT_IDA),Uttar Pradesh,34164452.0,18,40,10,INDRA JEET VERMA,7177188.0,0.2101,0.1301,UNKNOWN,False,True,0.3281,['Multiple transactions to the same vendor occurred within a 7-day window (potential payment structuring/fragmentation).']
Kekri(DISTRICT COLLECTOR Kekri_IDA),Rajasthan,6404450.0,12,104,95,SREE BALAJI CONSTRUCTION,1365647.0,0.2132,0.128,PRIVATE_ENTITY,False,True,0.328,['Multiple transactions to the same vendor occurred within a 7-day window (potential payment structuring/fragmentation).']
MUMBAI(DISTRICT COLLECTOR MUMBAI CITY_IDA),Maharashtra,36652079.0,22,22,10,PRITI INFRATECH,7829984.0,0.2136,0.1275,PRIVATE_ENTITY,False,True,0.3278,['Multiple transactions to the same vendor occurred within a 7-day window (potential payment structuring/fragmentation).']
JHALAWAR(DISTRICT COLLECTOR JHALAWAR_IDA),Rajasthan,1974512.0,2,21,19,JORAWAR SINGH AND SONS,874775.0,0.443,0.3874,UNKNOWN,False,False,0.3266,['Vendor allocation across implementing agency shows normal distribution.']
KANNUR(DISTRICT COLLECTOR KANNUR_IDA),Kerala,42943092.0,126,145,42,TATA MOTORS,9475145.0,0.2206,0.1202,UNKNOWN,False,True,0.3263,['Multiple transactions to the same vendor occurred within a 7-day window (potential payment structuring/fragmentation).']
TENKASI(DISTRICT COLLECTOR TENKASI_IDA),Tamil Nadu,89134663.0,95,95,18,R R BUILDERS,19891717.0,0.2232,0.1176,PRIVATE_ENTITY,False,True,0.3257,['Multiple transactions to the same vendor occurred within a 7-day window (potential payment structuring/fragmentation).']
LONGDING(Deputy Commisioner Longding_IDA),Arunachal Pradesh,6500000.0,9,19,9,MATPHO KOLONG,1300000.0,0.2,0.1315,UNKNOWN,False,True,0.3257,['Multiple transactions to the same vendor occurred within a 7-day window (potential payment structuring/fragmentation).']
BANKURA(DISTRICT MAGISTRATE BANKURA_IDA),West Bengal,96625370.0,81,81,23,GOPAL CHANDRA CHOWDHURY,23367049.0,0.2418,0.1059,UNKNOWN,False,True,0.3255,['Multiple transactions to the same vendor occurred within a 7-day window (potential payment structuring/fragmentation).']
SOLAN(DEPUTY COMMISSIONER SOLAN_IDA),Himachal Pradesh,21190000.0,83,83,10,BDO PATTA MPLAD LS,4100000.0,0.1935,0.1345,UNKNOWN,False,True,0.3253,['Multiple transactions to the same vendor occurred within a 7-day window (potential payment structuring/fragmentation).']
HAVERI(DEPUTY COMMISSIONER HAVERI_IDA),Karnataka,48012756.0,98,164,22,BOMMAI ZILLA NIRMITHI KENDRA,33225000.0,0.692,0.4857,GOVERNMENT_ENTITY,True,True,0.3252,"[""High expenditure concentration (69.2%) associated with a government/entity vendor ('BOMMAI ZILLA NIRMITHI KENDRA'); concentration alone does not establish irregularity."", 'Multiple transactions to the same vendor occurred within a 7-day window (potential payment structuring/fragmentation).']"
ADILABAD(DISTRICT COLLECTOR ADILABAD_IDA),Telangana,17398175.0,51,52,22,SK SHUTTERS AND FABRICATORS,4396606.0,0.2527,0.0982,UNKNOWN,False,True,0.3249,['Multiple transactions to the same vendor occurred within a 7-day window (potential payment structuring/fragmentation).']
KULLU(DEPUTY COMMISSIONER KULLU_IDA),Himachal Pradesh,8138740.0,18,25,15,KHUSHAL CHAND,1900000.0,0.2335,0.1092,UNKNOWN,False,True,0.3247,['Multiple transactions to the same vendor occurred within a 7-day window (potential payment structuring/fragmentation).']
Paschim Medinipur(DISTRICT MAGISTRATE PASCHIM MEDINIPUR_IDA),West Bengal,168194657.0,224,237,33,DUTTA ENTERPRISE,40487400.0,0.2407,0.1038,UNKNOWN,False,True,0.3241,['Multiple transactions to the same vendor occurred within a 7-day window (potential payment structuring/fragmentation).']
NAGAPATTINAM(DISTRICT COLLECTOR NAGAPATTINAM_4),Tamil Nadu,17566486.0,15,15,14,AAKASH CONSTRUCTION,4000000.0,0.2277,0.1113,PRIVATE_ENTITY,False,True,0.324,['Multiple transactions to the same vendor occurred within a 7-day window (potential payment structuring/fragmentation).']
PALAKKAD(DISTRICT COLLECTOR PALAKKAD_IDA),Kerala,69533484.0,142,162,50,VISION ELECTRICALS AND ELECTRONICS,17197275.0,0.2473,0.0991,UNKNOWN,False,True,0.3237,['Multiple transactions to the same vendor occurred within a 7-day window (potential payment structuring/fragmentation).']
KAPURTHALA(DEPUTY COMMISSIONER KAPURTHALA_IDA),Punjab,4505503.0,9,47,23,SU SOLARTECH SYSTEMS PVT LTD,953445.0,0.2116,0.1201,PRIVATE_ENTITY,False,True,0.3235,['Multiple transactions to the same vendor occurred within a 7-day window (potential payment structuring/fragmentation).']
ROHTAK(DEPUTY COMMISSIONER ROHTAK_IDA),Haryana,30670009.0,51,90,46,JOGINDER GOVT CONTRACTOR,7952996.0,0.2593,0.0912,UNKNOWN,False,True,0.3234,['Multiple transactions to the same vendor occurred within a 7-day window (potential payment structuring/fragmentation).']
WEST KHASI HILLS(DEPUTY COMMISSIONER WEST KHASI HILLS NONGSTOIN_IDA),Meghalaya,4650000.0,14,25,12,JOSEPHINE SANGRIANG,1000000.0,0.2151,0.1174,UNKNOWN,False,True,0.3232,['Multiple transactions to the same vendor occurred within a 7-day window (potential payment structuring/fragmentation).']
GOLAGHAT(Deputy Commissioner Golaghat_IDA),Assam,11514174.0,23,28,17,WE R,2733010.0,0.2374,0.1012,UNKNOWN,False,True,0.3218,['Multiple transactions to the same vendor occurred within a 7-day window (potential payment structuring/fragmentation).']
NALBARI(DEPUTY COMMISSIONER NALBARI_IDA),Assam,10007447.0,19,50,18,AXOM AUTOMOBILES PVT LTD,2000000.0,0.1999,0.1226,PRIVATE_ENTITY,False,True,0.3213,['Multiple transactions to the same vendor occurred within a 7-day window (potential payment structuring/fragmentation).']
WASHIM(DISTRICT COLLECTOR WASHIM_IDA),Maharashtra,4019567.0,4,4,4,VAIBHAV PRADIP JADHAV,1986447.0,0.4942,0.3456,UNKNOWN,False,False,0.3211,['Vendor allocation across implementing agency shows normal distribution.']
ALAPPUZHA(DISTRICT COLLECTOR ALAPPUZHA_IDA),Kerala,53159587.0,69,80,31,MULTILINE VENTURES,11709821.0,0.2203,0.108,UNKNOWN,False,True,0.3201,['Multiple transactions to the same vendor occurred within a 7-day window (potential payment structuring/fragmentation).']
SURGUJA(Collector Surguja_IDA),Chhattisgarh,27539985.0,110,176,29,SANWARIYA BOREWELLS,5696834.0,0.2069,0.1158,UNKNOWN,False,True,0.32,['Multiple transactions to the same vendor occurred within a 7-day window (potential payment structuring/fragmentation).']
DHEMAJI(DEPUTY COMMISSIONER DHEMAJI_IDA),Assam,38695205.0,72,115,25,UJJAL SAIKIA,9093825.0,0.235,0.0984,UNKNOWN,False,True,0.3197,['Multiple transactions to the same vendor occurred within a 7-day window (potential payment structuring/fragmentation).']
SINDHUDURG(DISTRICT COLLECTOR SINDHUDURG_IDA),Maharashtra,15283207.0,20,23,14,MANOJ MADHUKAR WAINGANKAR,3526784.0,0.2308,0.1006,UNKNOWN,False,True,0.3195,['Multiple transactions to the same vendor occurred within a 7-day window (potential payment structuring/fragmentation).']
NARMADAPURAM(DISTRICT COLLECTOR NARMADAPURAM_IDA),Madhya Pradesh,18726993.0,158,198,84,PUNYASHILA AUTOMOBILES,4944000.0,0.264,0.08,UNKNOWN,False,True,0.3192,['Multiple transactions to the same vendor occurred within a 7-day window (potential payment structuring/fragmentation).']
SAMASTIPUR(DISTRICT PLANNING OFFICER SAMASTIPUR_IDA),Bihar,60719741.0,91,91,36,DARVESHWAR NATH CONSTRUCTION,15350000.0,0.2528,0.0866,PRIVATE_ENTITY,False,True,0.3191,['Multiple transactions to the same vendor occurred within a 7-day window (potential payment structuring/fragmentation).']
CHANDAULI(DISTRICT MAGISTRATE CHANDAULI_IDA),Uttar Pradesh,91147544.0,180,311,17,BIHARI JI MAHADEV ASSOCIATES,19276000.0,0.2115,0.1108,PRIVATE_ENTITY,False,True,0.3189,['Multiple transactions to the same vendor occurred within a 7-day window (potential payment structuring/fragmentation).']
NANDED(DISTRICT COLLECTOR NANDED_IDA),Maharashtra,79846182.0,79,79,61,SAIBABA STONE CRUSHER AND CONSTRUCTION,20662113.0,0.2588,0.0812,PRIVATE_ENTITY,False,True,0.3182,['Multiple transactions to the same vendor occurred within a 7-day window (potential payment structuring/fragmentation).']
Beawar(DISTRICT COLLECTOR Beawar_IDA),Rajasthan,6020108.0,10,15,8,PURANMAL AND COMPANY,999693.0,0.1661,0.1365,UNKNOWN,False,True,0.3181,['Multiple transactions to the same vendor occurred within a 7-day window (potential payment structuring/fragmentation).']
AMBEDKAR NAGAR(DISTRICT MAGISTRATE AMBEDKAR NAGAR_IDA),Uttar Pradesh,67689959.0,175,239,39,MS SAKET TRADERS,15934476.0,0.2354,0.0945,UNKNOWN,False,True,0.3179,['Multiple transactions to the same vendor occurred within a 7-day window (potential payment structuring/fragmentation).']
SOUTH(COMMISSIONER SOUTH),Delhi,43397038.0,78,79,27,GREENZ,10133475.0,0.2335,0.0957,UNKNOWN,False,True,0.3179,['Multiple transactions to the same vendor occurred within a 7-day window (potential payment structuring/fragmentation).']
Ahmedabad(DISTRICT COLLECTOR AHMADABAD_IDA),Gujarat,68019732.0,81,81,66,LABMEDICA SYSTEMS PVT LTD,16000000.0,0.2352,0.0944,PRIVATE_ENTITY,False,True,0.3177,['Multiple transactions to the same vendor occurred within a 7-day window (potential payment structuring/fragmentation).']
NAGPUR(DISTRICT COLLECTOR NAGPUR_IDA),Maharashtra,51699651.0,40,41,30,SPECTRUM SERVICES,12638286.0,0.2445,0.0877,UNKNOWN,False,True,0.3172,['Multiple transactions to the same vendor occurred within a 7-day window (potential payment structuring/fragmentation).']
Sanchor(DISTRICT COLLECTOR Sanchor_IDA),Rajasthan,7093430.0,11,89,56,JAI SHIV SHAKTI CONSTRUCTION COMPANY,1294973.0,0.1826,0.121,PRIVATE_ENTITY,False,True,0.3153,['Multiple transactions to the same vendor occurred within a 7-day window (potential payment structuring/fragmentation).']
Hnahthial(Deputy Commissioner Hnahthial_IDA),Mizoram,2000000.0,4,8,4,YMA SUB HEADQUARTERS HNAHTHIAL,980000.0,0.49,0.3364,UNKNOWN,False,False,0.3152,['Vendor allocation across implementing agency shows normal distribution.']
KRISHNA(DISTRICT COLLECTOR KRISHNA_IDA),Andhra Pradesh,14120726.0,25,25,11,SAI BROTHERS AND CO,2480390.0,0.1757,0.1247,UNKNOWN,False,True,0.315,['Multiple transactions to the same vendor occurred within a 7-day window (potential payment structuring/fragmentation).']
MADHUBANI(DISTRICT PLANNING OFFICER MADHUBANI_IDA),Bihar,142702160.0,165,168,17,VIGYAN UPKARAN KENDRA,28920000.0,0.2027,0.1082,UNKNOWN,False,True,0.3149,['Multiple transactions to the same vendor occurred within a 7-day window (potential payment structuring/fragmentation).']
AURAIYA(DISTRICT MAGISTRATE AURAIYA_IDA),Uttar Pradesh,59353503.0,152,297,15,BAKE BIHARI TRADERS,11029634.0,0.1858,0.1175,UNKNOWN,False,True,0.3145,['Multiple transactions to the same vendor occurred within a 7-day window (potential payment structuring/fragmentation).']
DIBRUGARH(DEPUTY COMMISSIONER DIBRUGARH_IDA),Assam,9953643.0,14,32,13,MS ASHOK ENTERPRISE,1999663.0,0.2009,0.1072,UNKNOWN,False,True,0.3139,['Multiple transactions to the same vendor occurred within a 7-day window (potential payment structuring/fragmentation).']
MALAPPURAM(DISTRICT COLLECTOR MALAPPURAM_IDA),Kerala,65794187.0,111,137,75,SML ISUZU LTD,15363120.0,0.2335,0.0875,PRIVATE_ENTITY,False,True,0.3138,['Multiple transactions to the same vendor occurred within a 7-day window (potential payment structuring/fragmentation).']
SAKTI(COLLECTOR SAKTI_IDA),Chhattisgarh,64981017.0,282,493,42,ABHISHEK ENTERPRISES,15425773.0,0.2374,0.0852,PRIVATE_ENTITY,False,True,0.3138,['Multiple transactions to the same vendor occurred within a 7-day window (potential payment structuring/fragmentation).']
SEHORE(DISTRICT COLLECTOR SEHORE_IDA),Madhya Pradesh,18918274.0,35,46,27,MP STATE CO OPERATIVE MARKETING FEDERATION LTD SEHORE,4478274.0,0.2367,0.0853,PRIVATE_ENTITY,False,True,0.3137,['Multiple transactions to the same vendor occurred within a 7-day window (potential payment structuring/fragmentation).']
ALWAR(DISTRICT COLLECTOR ALWAR_IDA),Rajasthan,70340930.1,85,302,178,SHARMA CONTRACTOR,17178016.1,0.2442,0.0783,UNKNOWN,False,True,0.3124,['Multiple transactions to the same vendor occurred within a 7-day window (potential payment structuring/fragmentation).']
SUKMA(Collector Sukma_IDA),Chhattisgarh,9173028.0,19,31,14,GP DONDHARA,1864618.0,0.2033,0.1016,UNKNOWN,False,True,0.3118,['Multiple transactions to the same vendor occurred within a 7-day window (potential payment structuring/fragmentation).']
SURAT(DISTRICT COLLECTOR SURAT_IDA),Gujarat,67501154.0,199,202,71,INTELIN NETSOL,16042584.0,0.2377,0.0791,UNKNOWN,False,True,0.3108,['Multiple transactions to the same vendor occurred within a 7-day window (potential payment structuring/fragmentation).']
Ariyalur(District Collector Ariyalur_IDA),Tamil Nadu,30115012.0,31,35,11,DIAMOND ENTERPRISES,5000000.0,0.166,0.1221,PRIVATE_ENTITY,False,True,0.3108,['Multiple transactions to the same vendor occurred within a 7-day window (potential payment structuring/fragmentation).']
PAPUM PARE(DEPUTY COMMISSIONER PAPUM PARE_IDA),Arunachal Pradesh,20422805.0,31,47,29,A S ENTERPRISES,4500000.0,0.2203,0.0887,PRIVATE_ENTITY,False,True,0.3105,['Multiple transactions to the same vendor occurred within a 7-day window (potential payment structuring/fragmentation).']
ASHOKNAGAR(DISTRICT COLLECTOR ASHOKNAGAR_IDA),Madhya Pradesh,23236779.0,19,33,18,DHS SEPARATE BANK ACCOUT ASHOK NAGAR,5000000.0,0.2152,0.0916,UNKNOWN,False,True,0.3104,['Multiple transactions to the same vendor occurred within a 7-day window (potential payment structuring/fragmentation).']
South East(COMMISSIONER MCD SOUTH EAST_IDA),Delhi,4143453.0,4,4,4,A P R ENTERPRISES,1997268.0,0.482,0.3304,PRIVATE_ENTITY,False,False,0.3098,['Vendor allocation across implementing agency shows normal distribution.']
DIMAPUR(DEPUTY COMMISSIONER DIMAPUR_IDA),Nagaland,10700000.0,4,6,4,ALEMWABANG JAMIR,4500000.0,0.4206,0.3668,UNKNOWN,False,False,0.3095,['Vendor allocation across implementing agency shows normal distribution.']
CACHAR(DEPUTY COMMISSIONER CACHAR_IDA),Assam,5511762.0,10,13,12,MS NORTH EAST INFORMATION TECHNOLOGY,961762.0,0.1745,0.1125,UNKNOWN,False,True,0.3086,['Multiple transactions to the same vendor occurred within a 7-day window (potential payment structuring/fragmentation).']
PARBHANI(DISTRICT COLLECTOR PARBHANI_IDA),Maharashtra,27253052.0,33,33,23,PRUTHIVRAJ PRAMOD BHAMBLE PRO PRUTHIVIRAJ BHAMBLE,5997675.0,0.2201,0.0849,UNKNOWN,False,True,0.3085,['Multiple transactions to the same vendor occurred within a 7-day window (potential payment structuring/fragmentation).']
JHANSI(DISTRICT MAGISTRAE JHANSI_IDA),Uttar Pradesh,40610215.0,90,148,15,GOVIND DAS ARYA,6923725.0,0.1705,0.114,UNKNOWN,False,True,0.3081,['Multiple transactions to the same vendor occurred within a 7-day window (potential payment structuring/fragmentation).']
HISAR(DEPUTY COMMISSIONER HISSAR_IDA),Haryana,66947030.0,265,281,50,XEN CITY DHBVN BHIWANI,13898702.0,0.2076,0.0897,UNKNOWN,False,True,0.3071,['Multiple transactions to the same vendor occurred within a 7-day window (potential payment structuring/fragmentation).']
SIDDIPET(District Collector Siddipet_IDA),Telangana,37997116.0,127,127,35,AHMED RAZA,8460936.0,0.2227,0.0792,UNKNOWN,False,True,0.3064,['Multiple transactions to the same vendor occurred within a 7-day window (potential payment structuring/fragmentation).']
VELLORE(DISTRICT COLLECTOR VELLORE_IDA),Tamil Nadu,24300603.0,22,22,13,VINAYAGAM ENTERPRISES,4397876.0,0.181,0.1039,PRIVATE_ENTITY,False,True,0.3063,['Multiple transactions to the same vendor occurred within a 7-day window (potential payment structuring/fragmentation).']
MAINPURI(DISTRICT MAGISTRATE MAINPURI_IDA),Uttar Pradesh,65816225.0,89,142,18,MANI CONSTRUCTION,12483822.0,0.1897,0.0974,PRIVATE_ENTITY,False,True,0.3056,['Multiple transactions to the same vendor occurred within a 7-day window (potential payment structuring/fragmentation).']
SRIKAKULAM(District Collector Srikakulam_IDA),Andhra Pradesh,57627727.0,106,112,35,SUDIKSA INFRA PROJECTS,12312857.0,0.2137,0.0821,PRIVATE_ENTITY,False,True,0.3051,['Multiple transactions to the same vendor occurred within a 7-day window (potential payment structuring/fragmentation).']
Dr. B.R. Ambedkar Konaseema(DISTRICT COLLECTOR Dr B R AMBEDKAR KONASEEMA_IDA),Andhra Pradesh,54768857.0,65,67,26,SRI SAI SAMHITA CONSTRUCTIONS,11586983.0,0.2116,0.0828,PRIVATE_ENTITY,False,True,0.3049,['Multiple transactions to the same vendor occurred within a 7-day window (potential payment structuring/fragmentation).']
THIRUVARUR(DISTRICT COLLECTOR THIRUVARUR_IDA),Tamil Nadu,40518768.0,48,57,28,DAWOOD ENTERPRISES,7956828.0,0.1964,0.0917,PRIVATE_ENTITY,False,True,0.3048,['Multiple transactions to the same vendor occurred within a 7-day window (potential payment structuring/fragmentation).']
NAGAON(DEPUTY COMMISSIONER NOWGONG_IDA),Assam,36763934.0,83,226,26,MIR ROUJUDDIN AHMED,6580192.0,0.179,0.101,UNKNOWN,False,True,0.3042,['Multiple transactions to the same vendor occurred within a 7-day window (potential payment structuring/fragmentation).']
RAMANATHAPURAM(DISTRICT COLLECTOR RAMANATHAPURAM_IDA),Tamil Nadu,28727200.0,50,50,21,MURUGAN TRADERS,5500265.0,0.1915,0.0926,UNKNOWN,False,True,0.3037,['Multiple transactions to the same vendor occurred within a 7-day window (potential payment structuring/fragmentation).']
VIDISHA(District Collector Vidisha_IDA),Madhya Pradesh,33435789.0,60,117,48,MP STATE AGRO VIDISHA,7637398.0,0.2284,0.0698,UNKNOWN,False,True,0.3034,['Multiple transactions to the same vendor occurred within a 7-day window (potential payment structuring/fragmentation).']
ROHTAS(District Planning Officer Rohtas_IDA),Bihar,79067025.0,98,115,15,ASSISTANT ENGINEER CHENARI,13963671.0,0.1766,0.0999,UNKNOWN,False,True,0.3029,['Multiple transactions to the same vendor occurred within a 7-day window (potential payment structuring/fragmentation).']
"LUNGLEI(Deputy Commissioner, Lunglei)",Mizoram,8000000.0,18,32,17,C VANLALZAMA,1500000.0,0.1875,0.0922,UNKNOWN,False,True,0.3023,['Multiple transactions to the same vendor occurred within a 7-day window (potential payment structuring/fragmentation).']
PATAN(DISTRICT COLLECTOR PATAN_IDA),Gujarat,38460314.0,113,113,78,YUG ENTERPRISE,8979750.0,0.2335,0.0641,UNKNOWN,False,True,0.3021,['Multiple transactions to the same vendor occurred within a 7-day window (potential payment structuring/fragmentation).']
WARDHA(DISTRICT COLLECTOR WARDHA_IDA),Maharashtra,31871374.0,39,39,14,PRESIDENT PRAGATI MAJOOR SAHAKARI SANSTHA LTD,5610761.0,0.176,0.0984,PRIVATE_ENTITY,False,True,0.302,['Multiple transactions to the same vendor occurred within a 7-day window (potential payment structuring/fragmentation).']
KOKRAJHAR(DEPUTY COMMISSIONER KOKRAJHAR_IDA),Assam,26751728.0,24,24,13,DERHASAD BASUMATARY,4574819.0,0.171,0.1013,UNKNOWN,False,True,0.302,['Multiple transactions to the same vendor occurred within a 7-day window (potential payment structuring/fragmentation).']
SAHARANPUR(DISTRICT MAGISTRAE SAHARANPUR_IDA),Uttar Pradesh,100181019.0,111,111,15,M S TRADERS,16647847.0,0.1662,0.1042,UNKNOWN,False,True,0.3019,['Multiple transactions to the same vendor occurred within a 7-day window (potential payment structuring/fragmentation).']
Sri Sathya Sai(DISTRICT COLLECTOR SRI SATHYA SAI_IDA),Andhra Pradesh,44121172.0,55,58,21,N BALAKRISHNA,7963254.0,0.1805,0.095,UNKNOWN,False,True,0.3016,['Multiple transactions to the same vendor occurred within a 7-day window (potential payment structuring/fragmentation).']
BIJNOR(DISTRICT MAGISTRATE BIJNOR_IDA),Uttar Pradesh,142562354.0,628,1103,16,MAKSUD AHMAD CONTRACTOR,24866426.0,0.1744,0.0981,UNKNOWN,False,True,0.3014,['Multiple transactions to the same vendor occurred within a 7-day window (potential payment structuring/fragmentation).']
Gangtok(DISTRICT COLLECTOR EAST DISTRICT_IDA),Sikkim,46656533.0,22,33,16,SHIV SHAKTI FURNITURE,8000000.0,0.1715,0.1,UNKNOWN,False,True,0.3014,['Multiple transactions to the same vendor occurred within a 7-day window (potential payment structuring/fragmentation).']
KARUR(DISTRICT COLLECTOR KARUR_IDA),Tamil Nadu,36084538.0,61,69,20,P S STALIN,6351511.0,0.176,0.0969,UNKNOWN,False,True,0.3013,['Multiple transactions to the same vendor occurred within a 7-day window (potential payment structuring/fragmentation).']
BHIWANI(DC Cum Nodal Officer MPLADS Bhiwani),Haryana,35748570.0,100,112,49,BIMLA AUTOMOBILES,7600000.0,0.2126,0.0747,UNKNOWN,False,True,0.3011,['Multiple transactions to the same vendor occurred within a 7-day window (potential payment structuring/fragmentation).']
Bengaluru South(DEPUTY COMMISSIONER RAMANAGARA_IDA),Karnataka,46419119.0,102,162,24,PROJECT MANAGER NIRMITHI KENDRA RAMANAGARA,29625000.0,0.6382,0.4194,GOVERNMENT_ENTITY,True,True,0.3006,"[""High expenditure concentration (63.8%) associated with a government/entity vendor ('PROJECT MANAGER NIRMITHI KENDRA RAMANAGARA'); concentration alone does not establish irregularity."", 'Multiple transactions to the same vendor occurred within a 7-day window (potential payment structuring/fragmentation).']"
BEED(DISTRICT COLLECTOR BEED_IDA),Maharashtra,37977152.0,39,39,19,HOSABAI MAHILA MAJOOR SAHAKARI SANSTHA LIMITED SARNI AA,6883089.0,0.1812,0.0917,PRIVATE_ENTITY,False,True,0.3002,['Multiple transactions to the same vendor occurred within a 7-day window (potential payment structuring/fragmentation).']
Manendragarh-Chirmiri-Bharatpur(M C B)(Collector MCB_IDA),Chhattisgarh,6738803.0,22,35,18,GRAM PANCHAYAT BHUKBHUKI,1299517.0,0.1928,0.0829,UNKNOWN,False,True,0.2993,['Multiple transactions to the same vendor occurred within a 7-day window (potential payment structuring/fragmentation).']
PULWAMA(Deputy Commissioner  Pulwama_IDA),Jammu And Kashmir,7837339.0,24,24,17,FAYAZ AHMAD DAR,1405735.0,0.1794,0.0905,UNKNOWN,False,True,0.2991,['Multiple transactions to the same vendor occurred within a 7-day window (potential payment structuring/fragmentation).']
GANJAM(DISTRICT COLLECTOR GANJAM_IDA),Odisha,13718448.0,35,35,26,SHYAMALENDU PANDA,2761537.0,0.2013,0.076,UNKNOWN,False,True,0.2984,['Multiple transactions to the same vendor occurred within a 7-day window (potential payment structuring/fragmentation).']
GHAZIABAD(DISTRICT MAGISTRAE GHAZIABAD_IDA),Uttar Pradesh,36363925.0,41,42,20,N G CONSTRUCTIONS,5947075.0,0.1635,0.0985,PRIVATE_ENTITY,False,True,0.2983,['Multiple transactions to the same vendor occurred within a 7-day window (potential payment structuring/fragmentation).']
SHIVPURI(District Collector Shivpuri_IDA),Madhya Pradesh,28460372.0,48,63,39,CMO SHIVPURI,5850000.0,0.2055,0.0732,UNKNOWN,False,True,0.2983,['Multiple transactions to the same vendor occurred within a 7-day window (potential payment structuring/fragmentation).']
THANE(DISTRICT COLLECTOR THANE_IDA),Maharashtra,58677375.0,73,73,34,HINDUSTAN ENTERPRISES,11387451.0,0.1941,0.0795,PRIVATE_ENTITY,False,True,0.298,['Multiple transactions to the same vendor occurred within a 7-day window (potential payment structuring/fragmentation).']
SHEOPUR(District Collector Sheopur_IDA),Madhya Pradesh,20040158.0,51,89,25,THE MP STATE AGRO IND DEV CORP LTD SHEOPUR,4145446.0,0.2069,0.0715,PRIVATE_ENTITY,False,True,0.2978,['Multiple transactions to the same vendor occurred within a 7-day window (potential payment structuring/fragmentation).']
KARIMNAGAR(DISTRICT COLLECTOR KARIMNAGAR_IDA),Telangana,39456320.0,134,169,35,M S SRI MAHASHAKTHI ENTERPRISES,7869981.0,0.1995,0.0742,PRIVATE_ENTITY,False,True,0.2969,['Multiple transactions to the same vendor occurred within a 7-day window (potential payment structuring/fragmentation).']
HANUMAKONDA(DISTRICT COLLECTOR HANUMAKONDA_IDA),Telangana,17172631.0,54,54,19,AHMED RAZA,3034185.0,0.1767,0.0879,UNKNOWN,False,True,0.2969,['Multiple transactions to the same vendor occurred within a 7-day window (potential payment structuring/fragmentation).']
Vijayanagara(DEPUTY COMMISSIONER VIJAYANAGARA_IDA),Karnataka,8930481.0,11,13,5,VIJAYANAGARA NIRMITHI KENDRA,5475000.0,0.6131,0.4198,GOVERNMENT_ENTITY,True,True,0.2969,"[""High expenditure concentration (61.3%) associated with a government/entity vendor ('VIJAYANAGARA NIRMITHI KENDRA'); concentration alone does not establish irregularity."", 'Multiple transactions to the same vendor occurred within a 7-day window (potential payment structuring/fragmentation).']"
CHARAIDEO(Deputy Commissioner Charaideo_IDA),Assam,10196495.0,59,158,25,MUNIN CHABUKDHORA,1783898.0,0.175,0.0856,UNKNOWN,False,True,0.2953,['Multiple transactions to the same vendor occurred within a 7-day window (potential payment structuring/fragmentation).']
SITAPUR(DISTRICT MAGISTRATE SITAPUR_IDA),Uttar Pradesh,210449504.0,119,316,40,SHRI GURU KRIPA NARSINGH ASSOCIATES,35321457.0,0.1678,0.0892,PRIVATE_ENTITY,False,True,0.2949,['Multiple transactions to the same vendor occurred within a 7-day window (potential payment structuring/fragmentation).']
VARANASI(DISTRICT MAGISTRAE VARANASI_IDA),Uttar Pradesh,124407988.0,431,433,98,AARADHYA ENTERPRISES,27000752.0,0.217,0.0585,PRIVATE_ENTITY,False,True,0.2944,['Multiple transactions to the same vendor occurred within a 7-day window (potential payment structuring/fragmentation).']
CHANDRAPUR(DISTRICT COLLECTOR CHANDRAPUR_IDA),Maharashtra,20505333.0,17,18,15,NUTAN KAMGAR SAHAKARI SANSTHA,3444899.0,0.168,0.0878,UNKNOWN,False,True,0.2943,['Multiple transactions to the same vendor occurred within a 7-day window (potential payment structuring/fragmentation).']
Baleshwar(DISTRICT COLLECTOR BALESHWAR_IDA),Odisha,11696994.0,45,45,18,AMIYA KU DAS,2000000.0,0.171,0.0857,UNKNOWN,False,True,0.2942,['Multiple transactions to the same vendor occurred within a 7-day window (potential payment structuring/fragmentation).']
KOTTAYAM(DISTRICT COLLECTOR KOTTAYAM_IDA),Kerala,55338473.0,116,123,61,TATA MOTORS,11178787.0,0.202,0.0659,UNKNOWN,False,True,0.2936,['Multiple transactions to the same vendor occurred within a 7-day window (potential payment structuring/fragmentation).']
BIJAPUR(Collector Bijapur_IDA),Chhattisgarh,14580934.5,20,36,15,GRAM PANCHAYAT HALLOOR,2255612.0,0.1547,0.0937,UNKNOWN,False,True,0.2933,['Multiple transactions to the same vendor occurred within a 7-day window (potential payment structuring/fragmentation).']
DHUBRI(DEPUTY COMMISSIONER DHUBRI_IDA),Assam,22871335.0,50,61,35,BIMAL AUTO AGENCY,4500000.0,0.1968,0.0677,UNKNOWN,False,True,0.2929,['Multiple transactions to the same vendor occurred within a 7-day window (potential payment structuring/fragmentation).']
Balrampur-Ramanujganj(District Collector BALRAMPUR_IDA),Chhattisgarh,16005915.0,23,29,20,GRAM PANCHAYAT SEMRA,2710946.0,0.1694,0.0831,UNKNOWN,False,True,0.2924,['Multiple transactions to the same vendor occurred within a 7-day window (potential payment structuring/fragmentation).']
Puducherry(PROJECT DIRECTOR RDA PUDUCHERRY_IDA),Puducherry,33557935.0,20,27,21,SHINOJ T A,5692691.0,0.1696,0.0802,UNKNOWN,False,True,0.291,['Multiple transactions to the same vendor occurred within a 7-day window (potential payment structuring/fragmentation).']
GONDIA(DISTRICT COLLECTOR GONDIA_IDA),Maharashtra,11021952.0,17,17,14,AMEY SUBHASH NINAWE,1791524.0,0.1625,0.0837,UNKNOWN,False,True,0.2906,['Multiple transactions to the same vendor occurred within a 7-day window (potential payment structuring/fragmentation).']
SRI MUKTSAR SAHIB(DEPUTY COMMISSIONER SRI MUKTSAR SAHIB_IDA),Punjab,31000926.0,107,282,72,THE GILL SEHKARI KIRAT TE USSARI SABHA LTD,5483088.0,0.1769,0.0747,PRIVATE_ENTITY,False,True,0.2904,['Multiple transactions to the same vendor occurred within a 7-day window (potential payment structuring/fragmentation).']
VAISHALI(DISTRICT PLANNING OFFICER VAISHALI_IDA),Bihar,53484547.0,56,56,29,DHARMVIR KUMAR,9831939.0,0.1838,0.0699,UNKNOWN,False,True,0.2901,['Multiple transactions to the same vendor occurred within a 7-day window (potential payment structuring/fragmentation).']
Neem Ka Thana(DISTRICT COLLECTOR Neem Ka Thana_IDA),Rajasthan,8392857.0,17,85,75,SHRI DEV CONSTRUCTION COMPANY,1429616.0,0.1703,0.0768,PRIVATE_ENTITY,False,True,0.2895,['Multiple transactions to the same vendor occurred within a 7-day window (potential payment structuring/fragmentation).']
Malda(DISTRICT MAGISTRATE MALDA_IDA),West Bengal,14570194.0,32,32,20,VENTURE SPECTACULAR,2238769.0,0.1537,0.0844,UNKNOWN,False,True,0.2883,['Multiple transactions to the same vendor occurred within a 7-day window (potential payment structuring/fragmentation).']
JANJGIR-CHAMPA(DISTRICT COLLECTOR JANJGIR CHAMPA_IDA),Chhattisgarh,25911788.0,45,85,24,MUKESH KUMAR BANJARE,4497012.0,0.1736,0.0723,UNKNOWN,False,True,0.2882,['Multiple transactions to the same vendor occurred within a 7-day window (potential payment structuring/fragmentation).']
TINSUKIA(DC Tinsukia),Assam,20270178.0,26,47,18,SHAILENDRA SINGH,3000000.0,0.148,0.0876,UNKNOWN,False,True,0.2882,['Multiple transactions to the same vendor occurred within a 7-day window (potential payment structuring/fragmentation).']
Nandyal(DISTRICT COLLECTOR NANDYAL_IDA),Andhra Pradesh,46767276.0,105,107,29,JAGADEESWARA REDDY DEKIREDDY,8432672.0,0.1803,0.068,UNKNOWN,False,True,0.2881,['Multiple transactions to the same vendor occurred within a 7-day window (potential payment structuring/fragmentation).']
MOGA(Deputy Commissioner Moga),Punjab,37158201.0,130,333,101,PARAMOUNT EQUIPMENTS,6800000.0,0.183,0.0664,UNKNOWN,False,True,0.2881,['Multiple transactions to the same vendor occurred within a 7-day window (potential payment structuring/fragmentation).']
TIRUNELVELI(DISTRICT COLLECTOR TIRUNELVELI_IDA),Tamil Nadu,51212730.0,66,68,26,SAI IT SYSTEMS,8825500.0,0.1723,0.0722,UNKNOWN,False,True,0.2878,['Multiple transactions to the same vendor occurred within a 7-day window (potential payment structuring/fragmentation).']
UDALGURI(DEPUTY COMMISSIONER Udalguri_IDA),Assam,22844442.0,107,136,32,FIROSE KHAKHLARI,3970879.0,0.1738,0.0713,UNKNOWN,False,True,0.2878,['Multiple transactions to the same vendor occurred within a 7-day window (potential payment structuring/fragmentation).']
AMBALA(DEPUTY COMMISSIONER AMBALA_IDA),Haryana,12805049.0,30,67,27,T A S C GROUP CO OP L AND C SOCIETY TOBA,2006373.0,0.1567,0.0809,UNKNOWN,False,True,0.2875,['Multiple transactions to the same vendor occurred within a 7-day window (potential payment structuring/fragmentation).']
Bapatla(DISTRICT COLLECTOR BAPATLA_IDA),Andhra Pradesh,18515817.0,23,25,18,SEETHA REMI REDDY,2924176.0,0.1579,0.0798,UNKNOWN,False,True,0.2873,['Multiple transactions to the same vendor occurred within a 7-day window (potential payment structuring/fragmentation).']
SAMBA(Deputy Commissioner Samba_IDA),Jammu And Kashmir,3367500.0,14,14,13,GARDHARI LAL,475500.0,0.1412,0.0899,UNKNOWN,False,True,0.2873,['Multiple transactions to the same vendor occurred within a 7-day window (potential payment structuring/fragmentation).']
UNA(DEPUTY COMMISSIOENR UNA_IDA),Himachal Pradesh,3215369.0,18,44,30,TARUN THAKUR,498289.0,0.155,0.0814,UNKNOWN,False,True,0.2872,['Multiple transactions to the same vendor occurred within a 7-day window (potential payment structuring/fragmentation).']
MAMIT(DEPUTY COMMISSIONER MAMIT),Mizoram,18180000.0,34,68,18,VC PHULDUNGSEI ZAMPUI,2740000.0,0.1507,0.0836,UNKNOWN,False,True,0.287,['Multiple transactions to the same vendor occurred within a 7-day window (potential payment structuring/fragmentation).']
BARMER(DISTRICT COLLECTOR BARMER_IDA),Rajasthan,34920093.0,70,85,31,JASNATH COMPUTER SALE AND SERVICE,6055485.0,0.1734,0.0697,UNKNOWN,False,True,0.2869,['Multiple transactions to the same vendor occurred within a 7-day window (potential payment structuring/fragmentation).']
S.A.S Nagar(DEPUTY COMMISSIONER SAHIBZADA AJIT SINGH NAGAR MOHALI_IDA),Punjab,29086812.0,96,294,102,RS INDUSTRIES,5225000.0,0.1796,0.0653,UNKNOWN,False,True,0.2865,['Multiple transactions to the same vendor occurred within a 7-day window (potential payment structuring/fragmentation).']
GUNTUR(DISTRICT COLLECTOR GUNTUR_IDA),Andhra Pradesh,42289167.0,43,48,32,MAHAMMAD ABDUL RAHIM,6718082.0,0.1589,0.0758,UNKNOWN,False,True,0.2856,['Multiple transactions to the same vendor occurred within a 7-day window (potential payment structuring/fragmentation).']
BIRBHUM(DISTRICT MAGISTRATE BIRBHUM_IDA),West Bengal,204536634.6,186,195,107,BIDYUT BHANDARI,37112787.0,0.1814,0.0621,UNKNOWN,False,True,0.2855,['Multiple transactions to the same vendor occurred within a 7-day window (potential payment structuring/fragmentation).']
MEDCHAL MALKAJGIRI(DISTRICT COLLECTOR MEDCHAL MALKAJGIRI_IDA),Telangana,31981545.0,56,56,22,SPR INFRA,4585986.0,0.1434,0.0816,PRIVATE_ENTITY,False,True,0.2838,['Multiple transactions to the same vendor occurred within a 7-day window (potential payment structuring/fragmentation).']
AZAMGARH(DISTRICT MAGISTRATE AZAMGARH_IDA),Uttar Pradesh,149202865.0,332,343,47,VARDHAN ASSOCIATES,25934478.0,0.1738,0.0621,PRIVATE_ENTITY,False,True,0.2832,['Multiple transactions to the same vendor occurred within a 7-day window (potential payment structuring/fragmentation).']
KHAMMAM(DISTRICT COLLECTOR KHAMMAM_IDA),Telangana,17184945.0,37,37,24,ANUDEEP REDDY YARRAPU,2842095.0,0.1654,0.0668,UNKNOWN,False,True,0.283,['Multiple transactions to the same vendor occurred within a 7-day window (potential payment structuring/fragmentation).']
KAMRUP(DEPUTY COMMISSIONER KAMRUP_IDA),Assam,5366747.0,14,33,14,DURGA ENTERPRISE,718100.0,0.1338,0.0853,UNKNOWN,False,True,0.2828,['Multiple transactions to the same vendor occurred within a 7-day window (potential payment structuring/fragmentation).']
VIZIANAGARAM(DISTRICT COLLECTOR VIZIANAGARAM_IDA),Andhra Pradesh,20123737.0,49,51,21,SVSST INFRASTRUCTURE,2778328.0,0.1381,0.0823,UNKNOWN,False,True,0.2826,['Multiple transactions to the same vendor occurred within a 7-day window (potential payment structuring/fragmentation).']
NARMADA(DISTRICT COLLECTOR NARMADA_IDA),Gujarat,10233487.0,44,44,30,PARTH CONSTRUCTION,1777715.0,0.1737,0.0606,PRIVATE_ENTITY,False,True,0.2824,['Multiple transactions to the same vendor occurred within a 7-day window (potential payment structuring/fragmentation).']
Kendrapada(DISTRICT COLLECTOR KENDRAPARA_IDA),Odisha,14563131.0,19,24,17,ABANI KUMAR MOHANTY,2218056.0,0.1523,0.0719,UNKNOWN,False,True,0.2817,['Multiple transactions to the same vendor occurred within a 7-day window (potential payment structuring/fragmentation).']
DARJEELING(DISTRICT MAGISTRATE DARJEELING_IDA),West Bengal,29695798.0,63,63,38,SOUMITA ENTERPRISE,5329442.0,0.1795,0.0545,UNKNOWN,False,True,0.2811,['Multiple transactions to the same vendor occurred within a 7-day window (potential payment structuring/fragmentation).']
MEERUT(DISTRICT MAGISTRATE MEERUT_IDA),Uttar Pradesh,81824733.0,128,217,26,ANUJ INTERLOCKING,12821806.0,0.1567,0.0681,UNKNOWN,False,True,0.281,['Multiple transactions to the same vendor occurred within a 7-day window (potential payment structuring/fragmentation).']
PALGHAR(DISTRICT COLLECTOR PALGHAR_IDA),Maharashtra,15265953.0,18,18,13,KASHTKARI M K SAHA STY LTD,1993305.0,0.1306,0.0837,PRIVATE_ENTITY,False,True,0.281,['Multiple transactions to the same vendor occurred within a 7-day window (potential payment structuring/fragmentation).']
SERCHHIP(Deputy Commissioner Serchhip),Mizoram,4640000.0,6,9,6,VCP FIELD VENG,1990000.0,0.4289,0.3041,UNKNOWN,False,False,0.2807,['Vendor allocation across implementing agency shows normal distribution.']
GUNA(District Collector Guna_IDA),Madhya Pradesh,9553124.0,14,25,14,SARPANCH SACHIV GRAM PANCHAYT BAJRANGARH,1000000.0,0.1047,0.0918,UNKNOWN,False,True,0.2773,['Multiple transactions to the same vendor occurred within a 7-day window (potential payment structuring/fragmentation).']
DODA(Deputy Commissioner Doda_IDA),Jammu And Kashmir,4302200.0,18,20,16,VIJAY KUMAR,546000.0,0.1269,0.0781,UNKNOWN,False,True,0.2771,['Multiple transactions to the same vendor occurred within a 7-day window (potential payment structuring/fragmentation).']
THANJAVUR(DISTRICT COLLECTOR THANJAVUR_IDA),Tamil Nadu,87466931.0,77,92,50,GM CONSTRUCTIONS AND INFRA P,14701671.0,0.1681,0.053,PRIVATE_ENTITY,False,True,0.2769,['Multiple transactions to the same vendor occurred within a 7-day window (potential payment structuring/fragmentation).']
KOZHIKODE(DISTRICT COLLECTOR KOZHIKODE_IDA),Kerala,22696129.0,74,77,29,ALLUMINA ELECTRONICS,3242825.0,0.1429,0.0682,UNKNOWN,False,True,0.2769,['Multiple transactions to the same vendor occurred within a 7-day window (potential payment structuring/fragmentation).']
SIVASAGAR(Deputy Commissioner Sivsagar_IDA),Assam,6535775.0,52,79,24,REETUMONI SATOLA PHUKON,853675.0,0.1306,0.0752,UNKNOWN,False,True,0.2768,['Multiple transactions to the same vendor occurred within a 7-day window (potential payment structuring/fragmentation).']
Didwana-Kuchaman(DISTRICT COLLECTOR Didwana Kuchaman_IDA),Rajasthan,23812514.0,31,75,41,SHRI RAM CONTRACTOR AND SONS,3691753.0,0.155,0.0581,UNKNOWN,False,True,0.2756,['Multiple transactions to the same vendor occurred within a 7-day window (potential payment structuring/fragmentation).']
SONIPAT(DEPUTY COMMISSIONER SONEPAT_IDA),Haryana,14188114.0,27,39,20,MAHADEV CONSTRUCTION CO,1964699.0,0.1385,0.0682,PRIVATE_ENTITY,False,True,0.2756,['Multiple transactions to the same vendor occurred within a 7-day window (potential payment structuring/fragmentation).']
PURBI CHAMPARAN(DISTRICT PLANNING OFFICER MOTHIHARI EAST CHAMPARAN_IDA),Bihar,97017894.0,93,108,26,SHANTI DEVI,13209793.0,0.1362,0.0691,UNKNOWN,False,True,0.2754,['Multiple transactions to the same vendor occurred within a 7-day window (potential payment structuring/fragmentation).']
THRISSUR(DISTRICT COLLECTOR THRISSUR_IDA),Kerala,43189007.0,49,57,30,TATA MOTORS,6158534.0,0.1426,0.0653,UNKNOWN,False,True,0.2754,['Multiple transactions to the same vendor occurred within a 7-day window (potential payment structuring/fragmentation).']
PURI(DISTRICT COLLECTOR PURI_IDA),Odisha,35145533.0,341,424,50,SATENDRA KUMAR SINGH,5280000.0,0.1502,0.0607,UNKNOWN,False,True,0.2754,['Multiple transactions to the same vendor occurred within a 7-day window (potential payment structuring/fragmentation).']
Deeg(DISTRICT COLLECTOR Deeg_IDA),Rajasthan,19827035.0,41,141,91,MANOJ KUMAR,2644017.0,0.1334,0.0709,UNKNOWN,False,True,0.2754,['Multiple transactions to the same vendor occurred within a 7-day window (potential payment structuring/fragmentation).']
Kendujhar(DISTRICT COLLECTOR KEONJHAR_IDA),Odisha,24911360.0,77,399,75,JAYANTA KUMAR JENA,4132152.0,0.1659,0.0508,UNKNOWN,False,True,0.2751,['Multiple transactions to the same vendor occurred within a 7-day window (potential payment structuring/fragmentation).']
KOTA(DISTRICT COLLECTOR KOTA_IDA),Rajasthan,23616621.0,28,79,53,MUNDRA AUTOMOBILES PRIVATE LIMITED,3460000.0,0.1465,0.0609,PRIVATE_ENTITY,False,True,0.2744,['Multiple transactions to the same vendor occurred within a 7-day window (potential payment structuring/fragmentation).']
Pandhurna(District Collector Pandhurna_IDA),Madhya Pradesh,14788273.0,41,51,33,TELI SAMAJ SANGHTAN PANDURNA,2000000.0,0.1352,0.0649,UNKNOWN,False,True,0.273,['Multiple transactions to the same vendor occurred within a 7-day window (potential payment structuring/fragmentation).']
THIRUVALLUR(DISTRICT COLLECTOR TIRUVALLUR_IDA),Tamil Nadu,112355183.0,159,164,65,L G ARASU,18664560.0,0.1661,0.0458,UNKNOWN,False,True,0.2728,['Multiple transactions to the same vendor occurred within a 7-day window (potential payment structuring/fragmentation).']
DAUSA(DISTRICT COLLECTOR DAUSA_IDA),Rajasthan,18681491.0,32,70,45,MENKA YADAV,2552975.0,0.1367,0.0629,UNKNOWN,False,True,0.2725,['Multiple transactions to the same vendor occurred within a 7-day window (potential payment structuring/fragmentation).']
RAJSAMAND(DISTRICT COLLECTOR RAJSAMAND_IDA),Rajasthan,34754604.0,47,236,143,ASHOK KUMAR YADAV,4924862.0,0.1417,0.0595,UNKNOWN,False,True,0.2723,['Multiple transactions to the same vendor occurred within a 7-day window (potential payment structuring/fragmentation).']
UJJAIN(DISTRICT COLLECTOR UJJAIN_IDA),Madhya Pradesh,64869791.0,183,244,71,NATIONAL ENGINEERING WORKS,10368850.0,0.1598,0.048,UNKNOWN,False,True,0.272,['Multiple transactions to the same vendor occurred within a 7-day window (potential payment structuring/fragmentation).']
Udham Singh Nagar(DISTRICT MAGISTRATE UDHAMSINGH NAGAR_IDA),Uttarakhand,18274912.0,63,71,26,MOHD ASSIF,2382974.0,0.1304,0.0637,UNKNOWN,False,True,0.271,['Multiple transactions to the same vendor occurred within a 7-day window (potential payment structuring/fragmentation).']
VIKARABAD(DISTRICT COLLECTOR VIKARABAD_2),Telangana,32989248.0,153,154,51,GANGASARAM SRINIVAS REDDY,4644272.0,0.1408,0.0558,UNKNOWN,False,True,0.2702,['Multiple transactions to the same vendor occurred within a 7-day window (potential payment structuring/fragmentation).']
Mahisagar(COLLECTOR MAHISAGAR_IDA),Gujarat,4094838.0,29,29,26,GAAM PANCHAYAT VARAMA,550000.0,0.1343,0.0596,UNKNOWN,False,True,0.2701,['Multiple transactions to the same vendor occurred within a 7-day window (potential payment structuring/fragmentation).']
PERAMBALUR(DISTRICT COLLECTOR PERAMBALUR_IDA),Tamil Nadu,33382687.0,42,56,22,P S RAJENDRAN PUDUVETTAGUDI,4051379.0,0.1214,0.0666,UNKNOWN,False,True,0.2697,['Multiple transactions to the same vendor occurred within a 7-day window (potential payment structuring/fragmentation).']
KHORDHA(DISTRICT COLLECTOR KHORDHA_IDA),Odisha,32303960.0,108,229,40,SUBHASMITA SAHOO,4256516.0,0.1318,0.0601,UNKNOWN,False,True,0.2696,['Multiple transactions to the same vendor occurred within a 7-day window (potential payment structuring/fragmentation).']
MAHABUBABAD(DISTRICT COLLECTOR MAHABUBABAD_IDA),Telangana,34661988.0,103,103,25,GANESH CONTRACT WORK,4304127.0,0.1242,0.0641,UNKNOWN,False,True,0.2693,['Multiple transactions to the same vendor occurred within a 7-day window (potential payment structuring/fragmentation).']
YAVATMAL(DISTRICT COLLECTOR YAVATMAL_IDA),Maharashtra,29502061.0,46,46,26,SHRIYOG ELECTRICALS,3936386.0,0.1334,0.0585,UNKNOWN,False,True,0.2693,['Multiple transactions to the same vendor occurred within a 7-day window (potential payment structuring/fragmentation).']
North 24 Parganas(DISTRICT MAGISTRATE NORTH TWENTY FOUR PARGANAS_IDA),West Bengal,151438768.0,134,156,64,MA ENTERPRISE,21184305.0,0.1399,0.0543,UNKNOWN,False,True,0.2691,['Multiple transactions to the same vendor occurred within a 7-day window (potential payment structuring/fragmentation).']
RUPNAGAR(DEPUTY COMMISSIONER ROOPNAGAR_IDA),Punjab,33559618.0,96,265,107,RS INDUSTRIES,4850000.0,0.1445,0.0507,UNKNOWN,False,True,0.2687,['Multiple transactions to the same vendor occurred within a 7-day window (potential payment structuring/fragmentation).']
ANAND(District Collector ANAND_IDA),Gujarat,58053147.0,291,294,152,AASTHA CONSTRUCTION,9855278.0,0.1698,0.0354,PRIVATE_ENTITY,False,True,0.2686,['Multiple transactions to the same vendor occurred within a 7-day window (potential payment structuring/fragmentation).']
AYODHYA(DISTRICT MAGISTRAE FAIZABAD_IDA),Uttar Pradesh,113018741.0,171,338,30,MANOJ KUMAR SRIVASTAVA,14443957.0,0.1278,0.0587,UNKNOWN,False,True,0.2677,['Multiple transactions to the same vendor occurred within a 7-day window (potential payment structuring/fragmentation).']
CHANDIGARH(DEPUTY COMMISSIONER ZILLA PARISHAD CHANDIGARH_IDA),Chandigarh,32605108.0,52,134,62,PRABH KIRPA ENTERPRISES,4330559.0,0.1328,0.0552,PRIVATE_ENTITY,False,True,0.2674,['Multiple transactions to the same vendor occurred within a 7-day window (potential payment structuring/fragmentation).']
BIDAR(DEPUTY COMMISSIONER BIDAR_IDA),Karnataka,13720497.0,41,44,28,PRAKASH,1875000.0,0.1367,0.0525,UNKNOWN,False,True,0.2673,['Multiple transactions to the same vendor occurred within a 7-day window (potential payment structuring/fragmentation).']
THENI(District Collector Theni_5),Tamil Nadu,28522135.0,30,36,18,SREE VINYAGA CONSTRUCTIONS,3066658.0,0.1075,0.0699,PRIVATE_ENTITY,False,True,0.2672,['Multiple transactions to the same vendor occurred within a 7-day window (potential payment structuring/fragmentation).']
LAWNGTLAI(DSC Lawngtlai),Mizoram,1500000.0,3,6,3,H LIANTLUANGA,500000.0,0.3333,0.3333,UNKNOWN,False,False,0.2667,['Vendor allocation across implementing agency shows normal distribution.']
AJMER(DISTRICT COLLECTOR AJMER_IDA),Rajasthan,35499015.0,59,508,361,JAI MATA RANI CONSTRUCTION,5114270.0,0.1441,0.0464,PRIVATE_ENTITY,False,True,0.2664,['Multiple transactions to the same vendor occurred within a 7-day window (potential payment structuring/fragmentation).']
MAYURBHANJ(DISTRICT COLLECTOR MAYURBHANJ_IDA),Odisha,41595036.0,80,133,56,SANSKRUTI ASSOCIATES PVT LTD,5992500.0,0.1441,0.046,PRIVATE_ENTITY,False,True,0.2662,['Multiple transactions to the same vendor occurred within a 7-day window (potential payment structuring/fragmentation).']
BUNDI(DISTRICT COLLECTOR BUNDI_IDA),Rajasthan,9507718.0,20,61,37,JVVNL INDERGARH,1044710.0,0.1099,0.0665,UNKNOWN,False,True,0.2662,['Multiple transactions to the same vendor occurred within a 7-day window (potential payment structuring/fragmentation).']
CHENNAI(COMMISSIONER MUNCIPAL CORPORATION CHENNAI_IDA),Tamil Nadu,153869525.0,95,108,35,A AND A BUILDERS AND PROMOTERS,19680285.0,0.1279,0.0531,PRIVATE_ENTITY,False,True,0.2649,['Multiple transactions to the same vendor occurred within a 7-day window (potential payment structuring/fragmentation).']
Kancheepuram(DISTRICT COLLECTOR KANCHEEPURAM_IDA),Tamil Nadu,101763293.0,136,144,36,E SEKAR,12391750.0,0.1218,0.0567,UNKNOWN,False,True,0.2649,['Multiple transactions to the same vendor occurred within a 7-day window (potential payment structuring/fragmentation).']
Tirupati(DISTRICT COLLECTOR TIRUPATI_IDA),Andhra Pradesh,62420809.0,160,166,62,THALLAPAKA NAGARJUNA REDDY,8887752.0,0.1424,0.0443,UNKNOWN,False,True,0.2649,['Multiple transactions to the same vendor occurred within a 7-day window (potential payment structuring/fragmentation).']
GARIYABAND(Collectro Gariaband_IDA),Chhattisgarh,13204675.0,34,59,30,SARPANCH SACHIV GRAM PANCHAYAT RANIPARTEWA,1800000.0,0.1363,0.0476,UNKNOWN,False,True,0.2647,['Multiple transactions to the same vendor occurred within a 7-day window (potential payment structuring/fragmentation).']
PANCHKULA(DRDA PANCHKULA),Haryana,3953590.0,5,5,5,THE KHERI GULAM ALI COOP L AND C,1545683.0,0.391,0.294,UNKNOWN,False,False,0.2643,['Vendor allocation across implementing agency shows normal distribution.']
SEONI(District Collector Seoni_IDA),Madhya Pradesh,40030270.0,69,203,61,MP AGRO SEONI,5173332.0,0.1292,0.0509,UNKNOWN,False,True,0.2642,['Multiple transactions to the same vendor occurred within a 7-day window (potential payment structuring/fragmentation).']
RAIGARH(DISTRICT COLLECTOR RAIGARH_IDA),Chhattisgarh,22339895.0,59,77,45,SACHIN KUMAR GARG,3036400.0,0.1359,0.0462,UNKNOWN,False,True,0.2639,['Multiple transactions to the same vendor occurred within a 7-day window (potential payment structuring/fragmentation).']
Chhatrapati Sambhajinagar(DISTRICT COLLECTOR AURANGABAD_IDA),Maharashtra,71376366.0,57,58,35,SHRI JAGDAMBA CONSTRUCTION,8413108.0,0.1179,0.0554,PRIVATE_ENTITY,False,True,0.2631,['Multiple transactions to the same vendor occurred within a 7-day window (potential payment structuring/fragmentation).']
SIVAGANGA(DISTRICT COLLECTOR SIVAGANGA_IDA),Tamil Nadu,76654681.0,101,113,60,M KARTHIKEYAN,10000000.0,0.1305,0.0477,UNKNOWN,False,True,0.263,['Multiple transactions to the same vendor occurred within a 7-day window (potential payment structuring/fragmentation).']
KORAPUT(District Collector Koraput_IDA),Odisha,43796379.0,136,139,46,HELLUM LEARNING LAB PRIVATE LIMITED,5850000.0,0.1336,0.0446,PRIVATE_ENTITY,False,True,0.2624,['Multiple transactions to the same vendor occurred within a 7-day window (potential payment structuring/fragmentation).']
JALANDHAR(DEPUTY COMMISSIONER JALANDHAR_IDA),Punjab,25876941.0,114,217,79,THE NEW PUNJAB COOPERATIVE L C SOCIETY LTD,3165938.0,0.1223,0.0509,PRIVATE_ENTITY,False,True,0.2622,['Multiple transactions to the same vendor occurred within a 7-day window (potential payment structuring/fragmentation).']
NADIA(DISTRICT MAGISTRATE NADIA_IDA),West Bengal,105198947.0,151,164,45,PANKAJ SARKAR,12363402.0,0.1175,0.0534,UNKNOWN,False,True,0.262,['Multiple transactions to the same vendor occurred within a 7-day window (potential payment structuring/fragmentation).']
HANUMANGARH(DISTRICT COLLECTOR HANUMANGARH_IDA),Rajasthan,13829426.0,25,186,124,SHRI HANUMAN CONSTRUCTION COMPANY,1501943.0,0.1086,0.0576,PRIVATE_ENTITY,False,True,0.2614,['Multiple transactions to the same vendor occurred within a 7-day window (potential payment structuring/fragmentation).']
PUDUKKOTTAI(DISTRICT COLLECTOR PUDUKKOTTAI_IDA),Tamil Nadu,66593975.0,101,103,58,FPLUS ENTERPRISES,9351152.0,0.1404,0.0375,PRIVATE_ENTITY,False,True,0.2609,['Multiple transactions to the same vendor occurred within a 7-day window (potential payment structuring/fragmentation).']
THE NILGIRIS(DISTRICT COLLECTOR NILGIRIS_IDA),Tamil Nadu,29738030.0,44,44,32,S ILANCHIZHIAN,3498471.0,0.1176,0.0489,UNKNOWN,False,True,0.2597,['Multiple transactions to the same vendor occurred within a 7-day window (potential payment structuring/fragmentation).']
BHILWARA(DISTRICT COLLECTOR BHILWARA_IDA),Rajasthan,30345073.0,79,375,314,C S TECHNOLOGIES,4143030.0,0.1365,0.0352,UNKNOWN,False,True,0.2586,['Multiple transactions to the same vendor occurred within a 7-day window (potential payment structuring/fragmentation).']
Balodabazar-Bhatapara(Collector Baloda Bazar_IDA),Chhattisgarh,25245724.0,39,68,27,GRAM PANCHAYAT GUDELIYA,2899000.0,0.1148,0.0482,UNKNOWN,False,True,0.2586,['Multiple transactions to the same vendor occurred within a 7-day window (potential payment structuring/fragmentation).']
SHIVAMOGGA(DEPUTY COMMISSIONER SHIMOGA_IDA),Karnataka,64833464.0,180,283,10,NIRMITHI KENDRA SHIVAMOGGA,31552982.0,0.4867,0.3418,GOVERNMENT_ENTITY,False,True,0.2585,['Multiple transactions to the same vendor occurred within a 7-day window (potential payment structuring/fragmentation).']
KAITHAL(DC CUM NODAL OFFICERS MPLADS),Haryana,17743726.0,53,76,33,THE SAIFALI CO OPERATIVE LABOUR AND CONSTRUCTION SOCIETY,1839580.0,0.1037,0.0541,PRIVATE_ENTITY,False,True,0.2582,['Multiple transactions to the same vendor occurred within a 7-day window (potential payment structuring/fragmentation).']
JASHPUR(DISTRICT COLLECTOR JASHPUR_IDA),Chhattisgarh,36113016.0,39,71,29,TRILOCHAN RAM YADAV,3697390.0,0.1024,0.0544,UNKNOWN,False,True,0.2579,['Multiple transactions to the same vendor occurred within a 7-day window (potential payment structuring/fragmentation).']
"SONITPUR(Deputy Commissioner Sonitpur, Tezpur)",Assam,24110225.0,43,131,34,UDIPTA KUMAR BORAH,2729143.0,0.1132,0.0478,UNKNOWN,False,True,0.2579,['Multiple transactions to the same vendor occurred within a 7-day window (potential payment structuring/fragmentation).']
NABARANGPUR(DISTRICT COLLECTOR NABARANGPUR_IDA),Odisha,5534414.0,14,108,46,BINOD KUMAR MOHANTY,619229.0,0.1119,0.0484,UNKNOWN,False,True,0.2578,['Multiple transactions to the same vendor occurred within a 7-day window (potential payment structuring/fragmentation).']
Ahilyanagar(DISTRICT COLLECTOR AHMEDNAGAR_IDA),Maharashtra,43525645.0,49,49,32,SUNIL DATTATRAY KUDALE,4776925.0,0.1097,0.0488,UNKNOWN,False,True,0.2573,['Multiple transactions to the same vendor occurred within a 7-day window (potential payment structuring/fragmentation).']
DURG(DISTRICT COLLECTOR DURG_IDA),Chhattisgarh,40245887.0,111,184,52,ARHAM CONSTRUCTION,4879417.0,0.1212,0.042,PRIVATE_ENTITY,False,True,0.2573,['Multiple transactions to the same vendor occurred within a 7-day window (potential payment structuring/fragmentation).']
MUNGELI(Collector Mungeli_IDA),Chhattisgarh,18545915.0,42,63,35,SHRI KABIR CONSTRUCTION,2148258.0,0.1158,0.0451,PRIVATE_ENTITY,False,True,0.2573,['Multiple transactions to the same vendor occurred within a 7-day window (potential payment structuring/fragmentation).']
KOLLAM(DISTRICT COLLECTOR KOLLAM_IDA),Kerala,95519630.0,168,179,70,SML ISUZU LTD,10789425.0,0.113,0.0466,PRIVATE_ENTITY,False,True,0.2572,['Multiple transactions to the same vendor occurred within a 7-day window (potential payment structuring/fragmentation).']
TIKAMGARH(DISTRICT COLLECTOR TIKAMGARH_IDA),Madhya Pradesh,19400179.0,103,117,99,SHARMA ASSOCIATES,2525248.0,0.1302,0.0361,PRIVATE_ENTITY,False,True,0.2571,['Multiple transactions to the same vendor occurred within a 7-day window (potential payment structuring/fragmentation).']
JAMMU(DEPUTY COMMISSIONER JAMMU_IDA),Jammu And Kashmir,24232924.0,73,77,43,ASHWANI KUMAR,2672000.0,0.1103,0.0478,UNKNOWN,False,True,0.257,['Multiple transactions to the same vendor occurred within a 7-day window (potential payment structuring/fragmentation).']
KONDAGAON(DISTRICT COLLECTOR KONDAGAON_IDA),Chhattisgarh,10894193.0,24,30,23,GRAM PANCHAYAT KOPRA,999805.0,0.0918,0.0585,UNKNOWN,False,True,0.2568,['Multiple transactions to the same vendor occurred within a 7-day window (potential payment structuring/fragmentation).']
LAKHIMPUR(DEPUTY COMMISSIONER LAKHIMPUR_IDA),Assam,20229154.0,34,96,26,AGARWAL ENTERPRISE,1994266.0,0.0986,0.0543,UNKNOWN,False,True,0.2567,['Multiple transactions to the same vendor occurred within a 7-day window (potential payment structuring/fragmentation).']
Thoothukkudi(DISTRICT COLLECTOR THOOTHUKUDI_IDA),Tamil Nadu,58344698.0,28,34,24,ANTONY SELVAN M,5742866.0,0.0984,0.053,UNKNOWN,False,True,0.256,['Multiple transactions to the same vendor occurred within a 7-day window (potential payment structuring/fragmentation).']
ANUPPUR(DISTRICT COLLECTOR ANUPPUR_IDA),Madhya Pradesh,29781396.0,44,80,25,MS SANJAY KUMAR TIWARI,2935712.0,0.0986,0.0517,UNKNOWN,False,True,0.2554,['Multiple transactions to the same vendor occurred within a 7-day window (potential payment structuring/fragmentation).']
PALI(DISTRICT COLLECTOR PALI_IDA),Rajasthan,11965681.0,21,142,112,OM CONSTRUCTION ROHAT,1099366.0,0.0919,0.0553,PRIVATE_ENTITY,False,True,0.2552,['Multiple transactions to the same vendor occurred within a 7-day window (potential payment structuring/fragmentation).']
BANSWARA(DISTRICT COLLECTOR BANSWARA_IDA),Rajasthan,28599136.0,23,36,23,FOR NETALI PROJECTS PRIVATE LIMITED,2497955.0,0.0873,0.0561,PRIVATE_ENTITY,False,True,0.2543,['Multiple transactions to the same vendor occurred within a 7-day window (potential payment structuring/fragmentation).']
DHARWAD(DEPUTY COMMISSIONER DHARWAR_IDA),Karnataka,15059751.0,34,34,28,MANJUNATH MALLAPPA KITTUR,1582011.0,0.105,0.0453,UNKNOWN,False,True,0.2541,['Multiple transactions to the same vendor occurred within a 7-day window (potential payment structuring/fragmentation).']
RAIGAD(DISTRICT COLLECTOR RAIGAD_IDA),Maharashtra,66902347.0,61,89,37,RASHIKA RAMBHAU DHUMAL,6460449.0,0.0966,0.049,UNKNOWN,False,True,0.2535,['Multiple transactions to the same vendor occurred within a 7-day window (potential payment structuring/fragmentation).']
YAMUNANAGAR(Deputy Commissioner YamunaNagar_IDA),Haryana,19419005.0,47,77,28,THE VTR COOP L AND C SOCIETY LTD,1842748.0,0.0949,0.0496,PRIVATE_ENTITY,False,True,0.2533,['Multiple transactions to the same vendor occurred within a 7-day window (potential payment structuring/fragmentation).']
Jajpur(DISTRICT COLLECTOR JAJPUR_IDA),Odisha,9146086.0,27,41,26,GITASHREE BEHERA,800000.0,0.0875,0.0538,UNKNOWN,False,True,0.2532,['Multiple transactions to the same vendor occurred within a 7-day window (potential payment structuring/fragmentation).']
BENGALURU URBAN(DEPUTY COMMISSIONER BANGALORE URBAN_IDA),Karnataka,120459755.0,131,194,59,M CUBE INFRATECH PRIVATE LIMITED,13094338.0,0.1087,0.0405,PRIVATE_ENTITY,False,True,0.2528,['Multiple transactions to the same vendor occurred within a 7-day window (potential payment structuring/fragmentation).']
JORHAT(DEPUTY COMMISSIONER JORHAT_IDA),Assam,17421596.0,86,168,34,MANAB JYOTI BORUAH,1678559.0,0.0963,0.0472,UNKNOWN,False,True,0.2525,['Multiple transactions to the same vendor occurred within a 7-day window (potential payment structuring/fragmentation).']
JALNA(DISTRICT COLLECTOR JALNA_IDA),Maharashtra,33720047.0,37,37,25,TOTARAM BABA MSS LTD,2983973.0,0.0885,0.0517,PRIVATE_ENTITY,False,True,0.2524,['Multiple transactions to the same vendor occurred within a 7-day window (potential payment structuring/fragmentation).']
CHITRADURGA(DEPUTY COMMISSIONER CHITRADURGA_IDA),Karnataka,36918370.0,88,106,26,PROJECT DIRECTOR NIRMITHI KENDRA CHITRADRGA,19375000.0,0.5248,0.2904,GOVERNMENT_ENTITY,False,True,0.2513,['Multiple transactions to the same vendor occurred within a 7-day window (potential payment structuring/fragmentation).']
VIRUDHUNAGAR(DISTRICT COLLECTOR VIRUDHUNAGAR_IDA),Tamil Nadu,94637869.0,105,115,46,SUNDAR T,9781981.0,0.1034,0.0403,UNKNOWN,False,True,0.2511,['Multiple transactions to the same vendor occurred within a 7-day window (potential payment structuring/fragmentation).']
HOWRAH(DISTRICT MAGISTRATE HOWRAH_IDA),West Bengal,130214543.0,268,287,95,PRAYAS,14533429.0,0.1116,0.0347,UNKNOWN,False,True,0.2509,['Multiple transactions to the same vendor occurred within a 7-day window (potential payment structuring/fragmentation).']
JAIPUR(DISTRICT COLLECTOR JAIPUR_IDA),Rajasthan,39136154.0,42,69,47,NEW TODAWATA CONSTRUCTION,3679719.0,0.094,0.044,PRIVATE_ENTITY,False,True,0.2502,['Multiple transactions to the same vendor occurred within a 7-day window (potential payment structuring/fragmentation).']
DEVBHUMI DWARKA(DISTRICT COLLECTOR DEVBHUMI DWARKA_IDA),Gujarat,9476709.0,21,21,20,HARSADPUR GRAM PANCHAYAT,749984.0,0.0791,0.0529,UNKNOWN,False,True,0.2502,['Multiple transactions to the same vendor occurred within a 7-day window (potential payment structuring/fragmentation).']
"Ranipet(District Collector, Ranipet_2)",Tamil Nadu,37037683.0,39,39,31,AVN CONSTRUCTIONS,3389297.0,0.0915,0.0453,PRIVATE_ENTITY,False,True,0.2501,['Multiple transactions to the same vendor occurred within a 7-day window (potential payment structuring/fragmentation).']
PURBA BARDHAMAN(DISTRICT MAGISTRATE PURBA BARDHAMAN_IDA),West Bengal,59309664.0,78,83,49,ASIB ENTERPRISE,5758516.0,0.0971,0.0413,UNKNOWN,False,True,0.2498,['Multiple transactions to the same vendor occurred within a 7-day window (potential payment structuring/fragmentation).']
RATLAM(District Collector Ratlam_IDA),Madhya Pradesh,35497791.0,72,104,56,SARASWATI SISHU SHIKSHA SAMITI RATLAM,3749466.0,0.1056,0.0363,UNKNOWN,False,True,0.2498,['Multiple transactions to the same vendor occurred within a 7-day window (potential payment structuring/fragmentation).']
CHHATARPUR(District Collector Chhatarpur_IDA),Madhya Pradesh,36515878.0,111,141,87,MP STATE AGRO CHHATARPUR,4298641.0,0.1177,0.0288,UNKNOWN,False,True,0.2497,['Multiple transactions to the same vendor occurred within a 7-day window (potential payment structuring/fragmentation).']
Shahpura(DISTRICT COLLECTOR Shahpura_IDA),Rajasthan,22229773.0,57,424,350,C S TECHNOLOGIES,2485857.0,0.1118,0.0323,UNKNOWN,False,True,0.2497,['Multiple transactions to the same vendor occurred within a 7-day window (potential payment structuring/fragmentation).']
VIJAYAPURA(DEPUTY COMMISSIONER BIJAPUR_IDA),Karnataka,24527895.0,76,125,39,SUNIL SABAVVA SANDRIMANI,2344543.0,0.0956,0.0419,UNKNOWN,False,True,0.2496,['Multiple transactions to the same vendor occurred within a 7-day window (potential payment structuring/fragmentation).']
KANGRA(DEPUTY COMMISSIONER KANGRA_IDA),Himachal Pradesh,71380937.0,378,574,112,PROJECT OFFICER HIMURJA KANGRA AT DHARAMSHALA,7581166.0,0.1062,0.0337,UNKNOWN,False,True,0.2487,['Multiple transactions to the same vendor occurred within a 7-day window (potential payment structuring/fragmentation).']
NORTH GARO HILLS(DEPUTY COMMISSIONER NORTH GARO HILLS RESUBELPARA_IDA),Meghalaya,17550000.0,49,97,41,TOPSTAR MARAK,1650000.0,0.094,0.0378,UNKNOWN,False,True,0.2471,['Multiple transactions to the same vendor occurred within a 7-day window (potential payment structuring/fragmentation).']
Baragada(DISTRICT COLLECTOR BARAGARH_IDA),Odisha,29463999.0,92,99,45,BISHOK PATEL,2881000.0,0.0978,0.0353,UNKNOWN,False,True,0.247,['Multiple transactions to the same vendor occurred within a 7-day window (potential payment structuring/fragmentation).']
KATHUA(DISTRICT DEVELOPMENT COMMISSIONER KATHUA_IDA),Jammu And Kashmir,24306101.0,134,136,73,VIJAY LAXMI RIGS,2485145.0,0.1022,0.032,UNKNOWN,False,True,0.2467,['Multiple transactions to the same vendor occurred within a 7-day window (potential payment structuring/fragmentation).']
KOLHAPUR(DISTRICT COLLECTOR KOLHAPUR_IDA),Maharashtra,35696592.0,35,36,28,KSHATRIYA CONSTRUCTIONS,2986089.0,0.0837,0.043,PRIVATE_ENTITY,False,True,0.2466,['Multiple transactions to the same vendor occurred within a 7-day window (potential payment structuring/fragmentation).']
BARNALA(DEPUTY COMMISSIONER BARNALA_IDA),Punjab,33832694.0,169,474,113,TEJA SINGH AND SONS,3087500.0,0.0913,0.0382,UNKNOWN,False,True,0.2465,['Multiple transactions to the same vendor occurred within a 7-day window (potential payment structuring/fragmentation).']
BHOPAL(DISTRICT COLLECTOR BHOPAL_IDA),Madhya Pradesh,54991703.0,51,71,37,MP STATE COOPERATIVE MARKETING FEDERATION LTD,4980980.0,0.0906,0.0385,PRIVATE_ENTITY,False,True,0.2464,['Multiple transactions to the same vendor occurred within a 7-day window (potential payment structuring/fragmentation).']
JHUNJHUNU(DISTRICT COLLECTOR JHUNJHUNU_IDA),Rajasthan,50687348.0,106,387,264,SANGEET CONTRACTOR,5215891.0,0.1029,0.0309,UNKNOWN,False,True,0.2463,['Multiple transactions to the same vendor occurred within a 7-day window (potential payment structuring/fragmentation).']
CHIRANG(Deputy Commissioner Chirang_IDA),Assam,34829243.0,36,56,26,JUGAMI ISWARY,2699469.0,0.0775,0.0459,UNKNOWN,False,True,0.2462,['Multiple transactions to the same vendor occurred within a 7-day window (potential payment structuring/fragmentation).']
Sarangarh-Bilaigarh(Collector SB_IDA),Chhattisgarh,26491706.0,42,77,35,GRAM PANCHAYAT BHEDVAN,2295342.0,0.0866,0.0394,UNKNOWN,False,True,0.2457,['Multiple transactions to the same vendor occurred within a 7-day window (potential payment structuring/fragmentation).']
Jagitial(DISTRICT COLLECTOR JAGTIAL_IDA),Telangana,54277576.0,188,204,96,G RAJA REDDY,5878186.0,0.1083,0.026,UNKNOWN,False,True,0.2455,['Multiple transactions to the same vendor occurred within a 7-day window (potential payment structuring/fragmentation).']
MUMBAI SUBURBAN(DISTRICT COLLECTOR MUMBAI SUBURBAN_IDA),Maharashtra,183167404.0,98,98,64,SAMONA ENTERPRISES,18581334.0,0.1014,0.0297,PRIVATE_ENTITY,False,True,0.2453,['Multiple transactions to the same vendor occurred within a 7-day window (potential payment structuring/fragmentation).']
COIMBATORE(DISTRICT COLLECTOR COIMBATORE_IDA),Tamil Nadu,77752379.0,57,58,42,R R THULASI BUILDERS INDIA PRIVATE LIMITED,7032423.0,0.0904,0.0364,PRIVATE_ENTITY,False,True,0.2453,['Multiple transactions to the same vendor occurred within a 7-day window (potential payment structuring/fragmentation).']
BHARATPUR(DISTRICT COLLECTOR BHARATPUR_IDA),Rajasthan,21197305.0,46,345,276,GUDDI DEVI,1851089.0,0.0873,0.038,UNKNOWN,False,True,0.2452,['Multiple transactions to the same vendor occurred within a 7-day window (potential payment structuring/fragmentation).']
TIRUVANNAMALAI(DISTRICT COLLECTOR TIRUVANNAMALAI_IDA),Tamil Nadu,138956179.0,297,298,104,T S SOLAR POWER SYSTEM,13798141.0,0.0993,0.0305,UNKNOWN,False,True,0.245,['Multiple transactions to the same vendor occurred within a 7-day window (potential payment structuring/fragmentation).']
BILASPUR(DISTRICT COLLECTOR BILASPUR_IDA),Chhattisgarh,33986069.0,58,85,53,RAJKUMAR TIWARI,3170432.0,0.0933,0.0336,UNKNOWN,False,True,0.2448,['Multiple transactions to the same vendor occurred within a 7-day window (potential payment structuring/fragmentation).']
Shahid Bhagat Singh Nagar(Deputy Commissioner Shahid Bhagat Singh Nagar_ida),Punjab,18860828.0,55,235,113,RS INDUSTRIES,1800000.0,0.0954,0.0316,UNKNOWN,False,True,0.2444,['Multiple transactions to the same vendor occurred within a 7-day window (potential payment structuring/fragmentation).']
PUNE(DISTRICT COLLECTOR PUNE_IDA),Maharashtra,95269343.0,119,119,57,ASHUTOSH HANUMANT BALKAVADE,8969037.0,0.0941,0.0317,UNKNOWN,False,True,0.2441,['Multiple transactions to the same vendor occurred within a 7-day window (potential payment structuring/fragmentation).']
TIRUCHIRAPPALLI(DISTRICT COLLECTOR TIRUCHIRAPPALLI_IDA),Tamil Nadu,85031596.0,68,73,48,C S R CONSTRUCTION,7028076.0,0.0827,0.0377,PRIVATE_ENTITY,False,True,0.2437,['Multiple transactions to the same vendor occurred within a 7-day window (potential payment structuring/fragmentation).']
NIZAMABAD(DISTRICT COLLECTOR NIZAMABAD_IDA),Telangana,110513740.0,350,350,108,GUTHI SRINIVAS,11032350.0,0.0998,0.0263,UNKNOWN,False,True,0.2431,['Multiple transactions to the same vendor occurred within a 7-day window (potential payment structuring/fragmentation).']
NAVSARI(DISTRICT COLLECTOR NAVSARI_IDA),Gujarat,71212116.0,279,279,135,SAMBHAV ENTERPRISE,7219480.0,0.1014,0.0253,UNKNOWN,False,True,0.2431,['Multiple transactions to the same vendor occurred within a 7-day window (potential payment structuring/fragmentation).']
JIND(DEPUTY COMMISSIONER JIND),Haryana,28870233.0,44,237,87,MOR TRADERS,2752538.0,0.0953,0.0291,UNKNOWN,False,True,0.2431,['Multiple transactions to the same vendor occurred within a 7-day window (potential payment structuring/fragmentation).']
JHAJJAR(DEPUTY COMMISSIONER cum NODAL OFFICER MPLADS JHAJJAR),Haryana,26467189.0,42,56,37,SHREE G TRADING,1997165.0,0.0755,0.0403,UNKNOWN,False,True,0.2428,['Multiple transactions to the same vendor occurred within a 7-day window (potential payment structuring/fragmentation).']
JALORE(DISTRICT COLLECTOR JALORE_IDA),Rajasthan,34649718.0,56,443,239,CHAMUNDA CONSTRUCTION,2928751.0,0.0845,0.0347,PRIVATE_ENTITY,False,True,0.2427,['Multiple transactions to the same vendor occurred within a 7-day window (potential payment structuring/fragmentation).']
AKOLA(DISTRICT COLLECTOR AKOLA_IDA),Maharashtra,53005200.0,58,71,44,NISHANT GULAB RATHOD,4698396.0,0.0886,0.0317,UNKNOWN,False,True,0.2424,['Multiple transactions to the same vendor occurred within a 7-day window (potential payment structuring/fragmentation).']
LATUR(DISTRICT COLLECTOR LATUR_IDA),Maharashtra,29336009.0,35,35,30,VISHWASAMRAT MAGASUARGIYA MAJOOR SAHAKARI SANSTHA MARYADIT,1991369.0,0.0679,0.0405,UNKNOWN,False,True,0.2406,['Multiple transactions to the same vendor occurred within a 7-day window (potential payment structuring/fragmentation).']
DINDIGUL(DISTRICT COLLECTOR DINDIGUL_IDA),Tamil Nadu,102787250.0,85,100,57,SRI GANAPATHI CONSTRUCTIONS,8980425.0,0.0874,0.0285,PRIVATE_ENTITY,False,True,0.2405,['Multiple transactions to the same vendor occurred within a 7-day window (potential payment structuring/fragmentation).']
KOLKATA(COMMISSIONER KOLKATA MUNICIPAL CORPORATION_IDA),West Bengal,119619822.0,95,114,82,GOUTAM CONSTRUCTION,10000000.0,0.0836,0.0305,PRIVATE_ENTITY,False,True,0.2403,['Multiple transactions to the same vendor occurred within a 7-day window (potential payment structuring/fragmentation).']
Kataka(DISTRICT COLLECTOR CUTTACK_IDA),Odisha,39216801.0,138,213,55,RABINDRA NATH SINGH,3010446.0,0.0768,0.0332,UNKNOWN,False,True,0.2396,['Multiple transactions to the same vendor occurred within a 7-day window (potential payment structuring/fragmentation).']
SIKAR(DISTRICT COLLECTOR SIKAR_IDA),Rajasthan,35481415.0,79,289,201,DHAKA STONE COMAPNY,3152437.0,0.0888,0.0256,UNKNOWN,False,True,0.2395,['Multiple transactions to the same vendor occurred within a 7-day window (potential payment structuring/fragmentation).']
KURUKSHETRA(DEPUTY COMMISSIONER KURUKSHETRA_IDA),Haryana,35633846.0,100,144,70,THE KAUSHIK CO OP L AND C SOCITY PABNAWA,2809975.0,0.0789,0.0305,UNKNOWN,False,True,0.2389,['Multiple transactions to the same vendor occurred within a 7-day window (potential payment structuring/fragmentation).']
RAJNANDGAON(DISTRICT COLLECTOR RAJNANDGAON_IDA),Chhattisgarh,27203217.0,73,126,49,PRA INFRA PROJECTS,2000000.0,0.0735,0.0337,PRIVATE_ENTITY,False,True,0.2389,['Multiple transactions to the same vendor occurred within a 7-day window (potential payment structuring/fragmentation).']
Dahod(DISTRICT COLLECTOR DOHAD_IDA),Gujarat,25876501.0,88,89,54,GRAM PANCHAYAT GAMDI PURV,2055900.0,0.0795,0.0299,UNKNOWN,False,True,0.2388,['Multiple transactions to the same vendor occurred within a 7-day window (potential payment structuring/fragmentation).']
BHOJPUR(DISTRICT PLANNING OFFICER BHOJPUR ARRAH_IDA),Bihar,60280951.0,90,90,8,RANJIT SALES CORPORATION,27500000.0,0.4562,0.2812,GOVERNMENT_ENTITY,False,True,0.2387,['Multiple transactions to the same vendor occurred within a 7-day window (potential payment structuring/fragmentation).']
Viluppuram(DISTRICT COLLECTOR VILLUPURAM_IDA),Tamil Nadu,116461000.0,224,228,52,SANKARAN,8644615.0,0.0742,0.0321,UNKNOWN,False,True,0.2383,['Multiple transactions to the same vendor occurred within a 7-day window (potential payment structuring/fragmentation).']
RAJKOT(DISTRICT COLLECTOR RAJKOT_IDA),Gujarat,46265514.0,114,114,75,MSS MEDITECHNO,4000000.0,0.0865,0.0241,UNKNOWN,False,True,0.238,['Multiple transactions to the same vendor occurred within a 7-day window (potential payment structuring/fragmentation).']
RAIPUR(DISTRICT COLLECTOR RAIPUR_IDA),Chhattisgarh,48184815.0,84,113,55,ZONE COMMISSIONER ZONE 02,3500000.0,0.0726,0.0306,UNKNOWN,False,True,0.2371,['Multiple transactions to the same vendor occurred within a 7-day window (potential payment structuring/fragmentation).']
Y.S.R. Kadapa(DISTRICT COLLECTOR CUDDAPAH_IDA),Andhra Pradesh,46518485.0,95,95,57,KCR CONSTRUCTIONS KADAPA,3294496.0,0.0708,0.0311,PRIVATE_ENTITY,False,True,0.2368,['Multiple transactions to the same vendor occurred within a 7-day window (potential payment structuring/fragmentation).']
PORBANDAR(DISTRICT COLLECTOR PORBANDAR_IDA),Gujarat,10206136.0,36,36,34,KUCHADI GRAM PANCHYAT,692839.0,0.0679,0.033,UNKNOWN,False,True,0.2368,['Multiple transactions to the same vendor occurred within a 7-day window (potential payment structuring/fragmentation).']
MADHEPURA(DISTRICT PLANNING OFFICER MADHEPURA_IDA),Bihar,4414271.0,4,4,4,BHUSHAN KUMAR SAROJ,1475021.0,0.3341,0.2724,UNKNOWN,False,False,0.2364,['Vendor allocation across implementing agency shows normal distribution.']
"PITHORAGARH(NRLM , pithoragarh)",Uttarakhand,1214069.0,5,5,5,UPCL PITHORAGARH,464802.0,0.3828,0.2431,UNKNOWN,False,False,0.2364,['Vendor allocation across implementing agency shows normal distribution.']
LUDHIANA(DEPUTY COMMISSIONER LUDHIANA_IDA),Punjab,61360840.0,210,722,256,GARDEN GYM,5183800.0,0.0845,0.0216,UNKNOWN,False,True,0.2361,['Multiple transactions to the same vendor occurred within a 7-day window (potential payment structuring/fragmentation).']
RI BHOI(DEPUTY COMMISSIONER RIBHOI NONGPOH_IDA),Meghalaya,20266000.0,72,95,66,RANI MOTORS,1600000.0,0.0789,0.0243,UNKNOWN,False,True,0.2358,['Multiple transactions to the same vendor occurred within a 7-day window (potential payment structuring/fragmentation).']
CHITTOOR(DISTRICT COLLECTOR CHITTOOR_IDA),Andhra Pradesh,95673340.0,249,278,84,MR NARESH GANDHAMANENI,6932534.0,0.0725,0.0275,UNKNOWN,False,True,0.2355,['Multiple transactions to the same vendor occurred within a 7-day window (potential payment structuring/fragmentation).']
MADURAI(DISTRICT COLLECTOR MADURAI_IDA),Tamil Nadu,97644254.0,113,118,66,N S CHELLAPANDIAN,7377999.0,0.0756,0.0253,UNKNOWN,False,True,0.2353,['Multiple transactions to the same vendor occurred within a 7-day window (potential payment structuring/fragmentation).']
TIRUPPUR(DISTRICT COLLECTOR TIRUPPUR_IDA),Tamil Nadu,100640354.0,135,135,55,EAGGLE EYE INFRASTRUCTURES,6785183.0,0.0674,0.0299,UNKNOWN,False,True,0.2352,['Multiple transactions to the same vendor occurred within a 7-day window (potential payment structuring/fragmentation).']
RAISEN(DISTRICT COLLECTOR RAISEN_IDA),Madhya Pradesh,21008000.0,67,108,59,GP BERUA JP SILWANI,1300000.0,0.0619,0.0333,UNKNOWN,False,True,0.2352,['Multiple transactions to the same vendor occurred within a 7-day window (potential payment structuring/fragmentation).']
JAMNAGAR(DISTRICT COLLECTOR JAMNAGAR_IDA),Gujarat,16722197.0,39,39,35,UDYATI CONTRUCTION,1000000.0,0.0598,0.0345,UNKNOWN,False,True,0.2352,['Multiple transactions to the same vendor occurred within a 7-day window (potential payment structuring/fragmentation).']
NAGAUR(DISTRICT COLLECTOR NAGAUR_IDA),Rajasthan,57939119.0,185,281,85,AEN O N M AVVNL,4198139.0,0.0725,0.026,UNKNOWN,False,True,0.2347,['Multiple transactions to the same vendor occurred within a 7-day window (potential payment structuring/fragmentation).']
AIZAWL(DEPUTY COMMISSIONER AIZAWL_IDA),Mizoram,32329229.0,52,96,49,TUIKUAL SOUTH LOCAL COUNCIL,1995000.0,0.0617,0.0324,UNKNOWN,False,True,0.2347,['Multiple transactions to the same vendor occurred within a 7-day window (potential payment structuring/fragmentation).']
SURENDRANAGAR(DISTRICT COLLECTOR SURENDRANAGAR_IDA),Gujarat,38210893.0,83,149,87,MSS MEDITECHNO,2992216.0,0.0783,0.0207,UNKNOWN,False,True,0.2339,['Multiple transactions to the same vendor occurred within a 7-day window (potential payment structuring/fragmentation).']
NASHIK(DISTRICT COLLECTOR NASHIK_IDA),Maharashtra,86333321.0,90,90,60,NIKITA RATAN TAMBE,5774952.0,0.0669,0.0266,UNKNOWN,False,True,0.2334,['Multiple transactions to the same vendor occurred within a 7-day window (potential payment structuring/fragmentation).']
Narsimhapur(DISTRICT COLLECTOR NARSINGHPUR_IDA),Madhya Pradesh,15562372.0,125,158,102,YASHVI TRADERS,1242000.0,0.0798,0.018,UNKNOWN,False,True,0.2329,['Multiple transactions to the same vendor occurred within a 7-day window (potential payment structuring/fragmentation).']
DUNGARPUR(DISTRICT COLLECTOR DUNGARPUR_IDA),Rajasthan,50174427.0,65,117,52,PREM CONSTRUCTION KABJA,2944541.0,0.0587,0.0297,PRIVATE_ENTITY,False,True,0.2325,['Multiple transactions to the same vendor occurred within a 7-day window (potential payment structuring/fragmentation).']
KACHCHH(DISTRICT COLLECTOR KUTCH_IDA),Gujarat,45452608.0,113,113,93,N K ENGINEERING,3590377.0,0.079,0.0174,UNKNOWN,False,True,0.2324,['Multiple transactions to the same vendor occurred within a 7-day window (potential payment structuring/fragmentation).']
AMRAVATI(DISTRICT COLLECTOR AMRAVATI_IDA),Maharashtra,95370836.0,105,122,60,NAVNIT SUDHIRRAO TOLEY,6096505.0,0.0639,0.0258,UNKNOWN,False,True,0.2321,['Multiple transactions to the same vendor occurred within a 7-day window (potential payment structuring/fragmentation).']
GURDASPUR(DEPUTY COMMISSIONER GURDASPUR_IDA),Punjab,49320236.0,142,337,161,NATIONAL CONSTRUCTION COMPANY,3619052.0,0.0734,0.0199,PRIVATE_ENTITY,False,True,0.232,['Multiple transactions to the same vendor occurred within a 7-day window (potential payment structuring/fragmentation).']
GOALPARA(Deputy Commissioner Goalpara_IDA),Assam,46988963.0,71,123,69,CONSTRUCTION OF ROAD FROM NARAYAN KALITA HOUSE TO SABIN BORO HOUSE,2800000.0,0.0596,0.0283,PRIVATE_ENTITY,False,True,0.232,['Multiple transactions to the same vendor occurred within a 7-day window (potential payment structuring/fragmentation).']
BEMETARA(Collector Bemetara_IDA),Chhattisgarh,18999216.0,39,67,36,GRAM PANCHAYAT PUTPURA,1000000.0,0.0526,0.032,UNKNOWN,False,True,0.2318,['Multiple transactions to the same vendor occurred within a 7-day window (potential payment structuring/fragmentation).']
CHAMBA(DEPUTY COMMISSIONER CHAMBA_IDA),Himachal Pradesh,16096445.0,92,138,60,GP JUNAS,948176.0,0.0589,0.0271,UNKNOWN,False,True,0.2312,['Multiple transactions to the same vendor occurred within a 7-day window (potential payment structuring/fragmentation).']
CUDDALORE(DISTRICT COLLECTOR CUDDALORE_IDA),Tamil Nadu,100433699.0,115,128,67,SRI SAI ENTERPRISES,6244381.0,0.0622,0.0246,PRIVATE_ENTITY,False,True,0.2309,['Multiple transactions to the same vendor occurred within a 7-day window (potential payment structuring/fragmentation).']
MAHESANA(DISTRICT COLLECTOR MAHESANA_IDA),Gujarat,67694836.0,310,310,209,YUG ENTERPRISE,4999800.0,0.0739,0.0171,UNKNOWN,False,True,0.2307,['Multiple transactions to the same vendor occurred within a 7-day window (potential payment structuring/fragmentation).']
Annamayya(DISTRICT COLLECTOR ANNAMAYYA_IDA),Andhra Pradesh,35957813.0,103,103,55,ASSISTANT DIRECTOR WELFARE OF DIFFERENTLY ABLED TG SR CITIZENS YSR ANNAMAYYA DISTRICT,2013000.0,0.056,0.0273,UNKNOWN,False,True,0.2305,['Multiple transactions to the same vendor occurred within a 7-day window (potential payment structuring/fragmentation).']
ARVALLI(DISTRICT COLLECTOR ARVALLI_IDA),Gujarat,23768570.0,70,70,56,BANTHIWADA GRAM PANCHAYAT,1500000.0,0.0631,0.023,UNKNOWN,False,True,0.2304,['Multiple transactions to the same vendor occurred within a 7-day window (potential payment structuring/fragmentation).']
HOOGHLY(DISTRICT MAGISTRATE HOOGHLY_IDA),West Bengal,141678979.0,222,229,106,SN ENTERPRISE,8670959.0,0.0612,0.0236,UNKNOWN,False,True,0.2302,['Multiple transactions to the same vendor occurred within a 7-day window (potential payment structuring/fragmentation).']
Jaipur Gramin(DISTRICT COLLECTOR Jaipur Gramin_IDA),Rajasthan,2671475.0,4,4,4,BHAGCHAND CONSTRUCTION COMPANY,884544.0,0.3311,0.2613,PRIVATE_ENTITY,False,False,0.23,['Vendor allocation across implementing agency shows normal distribution.']
PANIPAT(DC CUM NODAL OFFICER MPLADS),Haryana,16619897.0,11,13,10,THE BANDH COOP LC SOC LTD BANDH,6134355.0,0.3691,0.2375,PRIVATE_ENTITY,False,False,0.2295,['Vendor allocation across implementing agency shows normal distribution.']
CHURU(DISTRICT COLLECTOR CHURU_IDA),Rajasthan,50766235.0,67,379,296,SHAHIR TRADING AND CONSTRUCTION COMPANY,2939206.0,0.0579,0.0238,PRIVATE_ENTITY,False,True,0.2293,['Multiple transactions to the same vendor occurred within a 7-day window (potential payment structuring/fragmentation).']
DAMOH(DISTRICT COLLECTOR DAMOH_IDA),Madhya Pradesh,46696038.0,168,224,22,MP STATE AGRO INDUSTRIES DEVELOPMENT CORPORATION LTD DAMOH,21363428.0,0.4575,0.2413,GOVERNMENT_ENTITY,False,True,0.2289,['Multiple transactions to the same vendor occurred within a 7-day window (potential payment structuring/fragmentation).']
MANSA(DEPUTY COMMISSIONER MANSA_IDA),Punjab,37108797.0,123,831,210,LUXMI IRON STORE,2473928.0,0.0667,0.0176,UNKNOWN,False,True,0.2288,['Multiple transactions to the same vendor occurred within a 7-day window (potential payment structuring/fragmentation).']
Budgam(Deputy Commissioner  Budgam_IDA),Jammu And Kashmir,767923.0,4,10,4,EXECUTIVE ENGINEER R B BUDGAM,299149.0,0.3896,0.2809,GOVERNMENT_ENTITY,False,True,0.2287,['Multiple transactions to the same vendor occurred within a 7-day window (potential payment structuring/fragmentation).']
VADODARA(DISTRICT COLLECTOR VADODARA_IDA),Gujarat,94189206.0,210,213,144,NEELAM CONSTRUCTION,5941108.0,0.0631,0.0191,PRIVATE_ENTITY,False,True,0.2285,['Multiple transactions to the same vendor occurred within a 7-day window (potential payment structuring/fragmentation).']
Gaurela-Pendra-Marwahi(Collector GPM_IDA),Chhattisgarh,22779752.0,80,131,68,SAR AND SAC GRAM PANCHAYAT GORAKHPUR,1194082.0,0.0524,0.0223,UNKNOWN,False,True,0.2269,['Multiple transactions to the same vendor occurred within a 7-day window (potential payment structuring/fragmentation).']
BHARUCH(DISTRICT COLLECTOR BROACH_IDA),Gujarat,51700172.0,165,165,102,D R KUKADIA,3130066.0,0.0605,0.0168,UNKNOWN,False,True,0.2265,['Multiple transactions to the same vendor occurred within a 7-day window (potential payment structuring/fragmentation).']
Mohla-Manpur-Ambagarh Chouki(Collector MMC_IDA),Chhattisgarh,6296488.0,9,17,9,JAHNAVI PRAKASHAN,2499475.0,0.397,0.214,UNKNOWN,False,False,0.2261,['Vendor allocation across implementing agency shows normal distribution.']
HOSHIARPUR(DEPUTY COMMISSIONER HOSHIARPUR_IDA),Punjab,75778852.0,209,1305,414,VARINDER KUMAR SOOD,4583512.0,0.0605,0.0138,UNKNOWN,False,True,0.2251,['Multiple transactions to the same vendor occurred within a 7-day window (potential payment structuring/fragmentation).']
Kabeerdham(DISTRICT COLLECTOR KABIRDHAM),Chhattisgarh,25206169.0,69,102,63,MS INDRANI POWER,1176892.0,0.0467,0.0204,UNKNOWN,False,True,0.2242,['Multiple transactions to the same vendor occurred within a 7-day window (potential payment structuring/fragmentation).']
BANAS KANTHA(DISTRICT COLLECTOR BANAS KANTHA_IDA),Gujarat,44829615.0,119,119,98,GUJARAT LOKSEVA CHARITABLE TRUST,2500000.0,0.0558,0.0139,UNKNOWN,False,True,0.2237,['Multiple transactions to the same vendor occurred within a 7-day window (potential payment structuring/fragmentation).']
PATIALA(DEPUTY COMMISSIONER PATIALA_IDA),Punjab,45030584.0,180,1092,461,YASHODHA MOTORS PVT LTD,2620000.0,0.0582,0.0121,PRIVATE_ENTITY,False,True,0.2235,['Multiple transactions to the same vendor occurred within a 7-day window (potential payment structuring/fragmentation).']
PANNA(DISTRICT COLLECTOR PANNA_IDA),Madhya Pradesh,6889947.0,5,8,5,GRAM PANCHAYAT SINGHORA,2422881.0,0.3517,0.2359,UNKNOWN,False,False,0.2235,['Vendor allocation across implementing agency shows normal distribution.']
MANDI(DEPUTY COMMISSIONER MANDI_IDA),Himachal Pradesh,34084984.0,228,301,177,G P BASSA,1900000.0,0.0557,0.0131,UNKNOWN,False,True,0.2233,['Multiple transactions to the same vendor occurred within a 7-day window (potential payment structuring/fragmentation).']
BATHINDA(DEPUTY COMMISSIONER BHATINDA_IDA),Punjab,33619433.0,91,487,195,ARIHANT TRADERS,1647344.0,0.049,0.0171,UNKNOWN,False,True,0.2233,['Multiple transactions to the same vendor occurred within a 7-day window (potential payment structuring/fragmentation).']
KORBA(Collector-Korba),Chhattisgarh,45479895.0,178,260,118,CEO JP PALI SANSAD MAD 18TH,2209541.0,0.0486,0.0164,UNKNOWN,False,True,0.2228,['Multiple transactions to the same vendor occurred within a 7-day window (potential payment structuring/fragmentation).']
SABAR KANTHA(DISTRICT COLLECTOR SABARKANTHA_IDA),Gujarat,28412000.0,75,75,67,WEHEAR INNOVATIONS PRIVATE LIMITED,1296000.0,0.0456,0.0182,PRIVATE_ENTITY,False,True,0.2228,['Multiple transactions to the same vendor occurred within a 7-day window (potential payment structuring/fragmentation).']
MORBI(District collector Morbi_IDA),Gujarat,26380881.0,67,69,65,NANJIBHAI DEVSHIBHAI MAKVANA,1170209.0,0.0444,0.019,UNKNOWN,False,True,0.2228,['Multiple transactions to the same vendor occurred within a 7-day window (potential payment structuring/fragmentation).']
BASTAR(DISTRICT COLLECTOR BASTAR_IDA),Chhattisgarh,30710367.0,83,101,68,GRAM PANCHAYAT KORTA,1224458.0,0.0399,0.0211,UNKNOWN,False,True,0.2225,['Multiple transactions to the same vendor occurred within a 7-day window (potential payment structuring/fragmentation).']
GIR SOMNATH(DISTRICT COLLECTOR GIR SOMNATH_IDA),Gujarat,31018380.0,98,98,88,PRUTHVI BUILDERS,1453443.0,0.0469,0.0147,PRIVATE_ENTITY,False,True,0.2214,['Multiple transactions to the same vendor occurred within a 7-day window (potential payment structuring/fragmentation).']
HAMIRPUR(DEPUTY COMMISSIONER HAMIRPUR_IDA),Himachal Pradesh,9007870.0,79,116,61,MS GP NANAWAN FINANCE AC,335000.0,0.0372,0.0205,UNKNOWN,False,True,0.2214,['Multiple transactions to the same vendor occurred within a 7-day window (potential payment structuring/fragmentation).']
MANDLA(DISTRICT COLLECTOR MANDLA_IDA),Madhya Pradesh,21651544.0,65,89,60,GRAM PANCHAYAT BANJI,800000.0,0.0369,0.02,UNKNOWN,False,True,0.2211,['Multiple transactions to the same vendor occurred within a 7-day window (potential payment structuring/fragmentation).']
NAINITAL(DISTRICT MAGISTRATE NAINITAL_IDA),Uttarakhand,33199097.0,146,846,510,KVS NEXTGEN TRADERS,1558097.0,0.0469,0.013,UNKNOWN,False,True,0.2206,['Multiple transactions to the same vendor occurred within a 7-day window (potential payment structuring/fragmentation).']
Sri Potti Sriramulu Nellore(DISTRICT COLLECTOR NELLORE_IDA),Andhra Pradesh,79002121.0,146,146,82,SRIHARI RAO AMARANENI,2996465.0,0.0379,0.0173,UNKNOWN,False,True,0.22,['Multiple transactions to the same vendor occurred within a 7-day window (potential payment structuring/fragmentation).']
RAICHUR(DEPUTY COMMISSIONER RAICHUR_IDA),Karnataka,18276742.0,30,41,16,CASHUTEC NIRMITHI KENDRA,7875000.0,0.4309,0.2188,GOVERNMENT_ENTITY,False,True,0.2193,['Multiple transactions to the same vendor occurred within a 7-day window (potential payment structuring/fragmentation).']
"SAITUAL(Dy. Commissioners Office, Saitual)",Mizoram,4750000.0,5,9,5,HRANGAWLIANA,1500000.0,0.3158,0.2465,UNKNOWN,False,False,0.218,['Vendor allocation across implementing agency shows normal distribution.']
South 24 Parganas(DISTRICT MAGISTRATE SOUTH TWENTY FOUR PARGANAS_IDA),West Bengal,223370169.0,655,660,319,SARDAR ENTERPRISE,9994661.0,0.0447,0.0088,UNKNOWN,False,True,0.2178,['Multiple transactions to the same vendor occurred within a 7-day window (potential payment structuring/fragmentation).']
TUMAKURU(DEPUTY COMMISSIONER TUMKUR_IDA),Karnataka,48915905.0,56,62,24,TUMKUR NIRMITHI KENDRA,18372500.0,0.3756,0.2304,GOVERNMENT_ENTITY,False,True,0.2139,['Multiple transactions to the same vendor occurred within a 7-day window (potential payment structuring/fragmentation).']
KHEDA(DISTRICT COLLECTOR KHEDA_IDA),Gujarat,53896453.0,292,292,144,LALI GRAM PANCHAYAT,1549543.0,0.0288,0.0104,UNKNOWN,False,True,0.2138,['Multiple transactions to the same vendor occurred within a 7-day window (potential payment structuring/fragmentation).']
AMRELI(DISTRICT COLLECTOR AMRELI_IDA),Gujarat,52114170.0,158,158,134,DHARI NAGARPALIKA,1296000.0,0.0249,0.0093,UNKNOWN,False,True,0.2121,['Multiple transactions to the same vendor occurred within a 7-day window (potential payment structuring/fragmentation).']
CHHINDWARA(DISTRICT COLLECTOR CHHINDWARA_IDA),Madhya Pradesh,40831343.0,306,392,241,HANUMAN PRASAD VISHKARMA,1061522.0,0.026,0.0086,UNKNOWN,False,True,0.2121,['Multiple transactions to the same vendor occurred within a 7-day window (potential payment structuring/fragmentation).']
NARAYANPUR(Collector Narayanpur_IDA),Chhattisgarh,2286549.0,5,8,5,GRAM PANCHAYAT DUGGABEBGAL RAJYA PRAVARTIT YOJNA,686000.0,0.3,0.2434,UNKNOWN,False,False,0.2117,['Vendor allocation across implementing agency shows normal distribution.']
SONBHADRA(DISTRICT MAGISTRATE SONBHADRA_IDA),Uttar Pradesh,63371961.0,237,458,19,UP STATE AGRO INDUSTRIAL CORPORATION LTD BICHPAI URMAURA,23670476.0,0.3735,0.1839,GOVERNMENT_ENTITY,False,True,0.202,['Multiple transactions to the same vendor occurred within a 7-day window (potential payment structuring/fragmentation).']
SOUTH ANDAMANS(Implementing District Authority(SA)),Andaman And Nicobar Islands,11664827.0,7,7,6,CSE CONSTRUCTION PVT LTD,3655060.0,0.3133,0.2107,PRIVATE_ENTITY,False,False,0.1994,['Vendor allocation across implementing agency shows normal distribution.']
CHIKKAMAGALURU(DEPUTY COMMISSIONER CHIKMAGALUR),Karnataka,20036868.0,55,61,25,CHIKMAGALUR NIRMITHI KENDRA,6975000.0,0.3481,0.1831,GOVERNMENT_ENTITY,False,True,0.198,['Multiple transactions to the same vendor occurred within a 7-day window (potential payment structuring/fragmentation).']
Mangan(DISTRICT COLLECTOR MANGAN_IDA),Sikkim,12963506.0,6,9,7,PALDEN WANGCHUK BHUTIA,3890831.0,0.3001,0.1891,UNKNOWN,False,False,0.1846,['Vendor allocation across implementing agency shows normal distribution.']
POONCH(Deputy Commissioner Poonch_IDA),Jammu And Kashmir,6013000.0,9,11,9,MUSHTAQ AHMED,1897000.0,0.3155,0.1777,UNKNOWN,False,False,0.1835,['Vendor allocation across implementing agency shows normal distribution.']
West Tripura(DISTRICT MAGISTRATE WEST TRIPURA_IDA),Tripura,26547185.0,12,17,13,MOUSUMI BANIK,8066962.0,0.3039,0.1721,UNKNOWN,False,False,0.1772,['Vendor allocation across implementing agency shows normal distribution.']
GAYA(DISTRICT PLANNING OFFICER GAYA_IDA),Bihar,127488253.0,323,324,13,RANJIT SALES CORPORATION,24700000.0,0.1937,0.1192,GOVERNMENT_ENTITY,False,True,0.1589,['Multiple transactions to the same vendor occurred within a 7-day window (potential payment structuring/fragmentation).']
FATEHGARH SAHIB(DEPUTY COMMISSIONER FATEHGARH SAHIB_IDA),Punjab,8358121.0,31,99,45,LUDHIANA SALES CORPORATION PRIVATE LIMITED,1925465.0,0.2304,0.0761,GOVERNMENT_ENTITY,False,True,0.1536,['Multiple transactions to the same vendor occurred within a 7-day window (potential payment structuring/fragmentation).']
Chumoukedima(Deputy Commissioner Chumoukedima_IDA),Nagaland,8800000.0,10,14,10,R IMSENTEMJEN,2200000.0,0.25,0.1488,UNKNOWN,False,False,0.1494,['Vendor allocation across implementing agency shows normal distribution.']
BELAGAVI(DEPUTY COMMISSIONER BELGAUM_IDA),Karnataka,32017861.0,59,76,41,DEPUTY COMMISSIONER AND CHAIRMAN PROJECT MANAGER NIRMITHI KENDRA BELAGAVI,6175000.0,0.1929,0.0772,GOVERNMENT_ENTITY,False,True,0.1482,['Multiple transactions to the same vendor occurred within a 7-day window (potential payment structuring/fragmentation).']
"CHAMPHAI(DEPUTY COMMISIONER, CHAMPHAI)",Mizoram,5450000.0,10,18,10,KHAWBUNG YMA,1200000.0,0.2202,0.1547,UNKNOWN,False,False,0.1434,['Vendor allocation across implementing agency shows normal distribution.']
MOKOKCHUNG(Deputy Commissioner Mokokchung_IDA),Nagaland,84112380.0,28,42,26,IMLICHUBA,18900000.0,0.2247,0.1481,UNKNOWN,False,False,0.1415,['Vendor allocation across implementing agency shows normal distribution.']
Nayagada(DISTRICT COLLECTOR  NAYAGARH_IDA),Odisha,33372802.0,351,803,45,ODISHA DISTRIBUTING AUTHORITY,5715600.0,0.1713,0.0634,GOVERNMENT_ENTITY,False,True,0.1415,['Multiple transactions to the same vendor occurred within a 7-day window (potential payment structuring/fragmentation).']
SHIMLA(DEPUTY COMMISSIONER SHIMLA_IDA),Himachal Pradesh,39897735.0,233,271,97,BLOCK DEVELOPMENT OFFICE RAMPUR LOK SABHA,6650000.0,0.1667,0.0525,GOVERNMENT_ENTITY,False,True,0.1381,['Multiple transactions to the same vendor occurred within a 7-day window (potential payment structuring/fragmentation).']
UDUPI(DEPUTY COMMISSIONER UDUPI_IDA),Karnataka,37561435.0,94,99,58,NIRMITHI KENDRA UDUPI,6075000.0,0.1617,0.0451,GOVERNMENT_ENTITY,False,True,0.1355,['Multiple transactions to the same vendor occurred within a 7-day window (potential payment structuring/fragmentation).']
SIRMAUR(DEPUTY COMMISSIONER SIRMOUR_IDA),Himachal Pradesh,38086476.0,186,259,78,BLOCK DEVELOPMENT OFFICER NAHAN,5150000.0,0.1352,0.0509,GOVERNMENT_ENTITY,False,True,0.133,['Multiple transactions to the same vendor occurred within a 7-day window (potential payment structuring/fragmentation).']
SULTANPUR(DISTRICT MAGISTRATE SULTANPUR_IDA),Uttar Pradesh,89799614.0,16,31,17,AJAY KUMAR SINGH,19843334.0,0.221,0.128,UNKNOWN,False,False,0.1303,['Vendor allocation across implementing agency shows normal distribution.']
DAKSHINA KANNADA(DEPUTY COMMISSIONER DAKSHIN KANNAD MANGALORE_IDA),Karnataka,52504175.0,110,110,62,D K NIRMITHI KENDRA,5100000.0,0.0971,0.0327,GOVERNMENT_ENTITY,False,True,0.1227,['Multiple transactions to the same vendor occurred within a 7-day window (potential payment structuring/fragmentation).']
JALGAON(DISTRICT COLLECTOR JALGAON_IDA),Maharashtra,19902650.0,12,12,11,GURUDATTA GAWANDI KAMGAR MAJOOR SAHAKARI SOCIETY LIMITED,3998305.0,0.2009,0.1242,PRIVATE_ENTITY,False,False,0.1224,['Vendor allocation across implementing agency shows normal distribution.']
BAGALKOTE(DEPUTY COMMISSIONER BAGALKOT_IDA),Karnataka,60763186.0,123,225,95,CHAIRMAN NIRMITHI KENDRA BAGALKOT,5875000.0,0.0967,0.02,GOVERNMENT_ENTITY,False,True,0.1195,['Multiple transactions to the same vendor occurred within a 7-day window (potential payment structuring/fragmentation).']
JUNAGADH(DISTRICT COLLECTOR JUNAGADH_IDA),Gujarat,33057323.0,89,89,79,SAMARPAN CORPORATION,2960000.0,0.0895,0.0228,GOVERNMENT_ENTITY,False,True,0.1191,['Multiple transactions to the same vendor occurred within a 7-day window (potential payment structuring/fragmentation).']
BALOD(Collector Balod_IDA),Chhattisgarh,5354000.0,9,17,9,GRAM PANCHAYAT BADAJUNGERA,910800.0,0.1701,0.1222,UNKNOWN,False,False,0.1121,['Vendor allocation across implementing agency shows normal distribution.']
Lahaul And Spiti(DEPUTY COMMISSIONER L and S_IDA),Himachal Pradesh,4025292.0,10,10,10,GP SHANSHA,700000.0,0.1739,0.1177,UNKNOWN,False,False,0.111,['Vendor allocation across implementing agency shows normal distribution.']
MAHASAMUND(DISTRICT COLLECTOR MAHASAMUND_IDA),Chhattisgarh,54235524.0,103,166,81,EXICUTIVE ENGINEER PWD EM DIVISION NAVA RAIPUR,2128648.0,0.0392,0.017,GOVERNMENT_ENTITY,False,True,0.1101,['Multiple transactions to the same vendor occurred within a 7-day window (potential payment structuring/fragmentation).']
GWALIOR(DISTRICT COLLECTOR GWALIOR_IDA),Madhya Pradesh,8797227.0,15,21,13,BAHUBALI ASSOCIATES,1383762.0,0.1573,0.1095,PRIVATE_ENTITY,False,False,0.1019,['Vendor allocation across implementing agency shows normal distribution.']
EASTERN WEST KHASI HILLS(DEPUTY COMMISSIONER EASTERN WEST KHASI HILLS MAIRANG_IDA),Meghalaya,2450000.0,12,14,12,ST THOMAS HSS HIGHER SECONDARY SECTION,350000.0,0.1429,0.0962,UNKNOWN,False,False,0.091,['Vendor allocation across implementing agency shows normal distribution.']
SOUTH WEST KHASI HILLS(DEPUTY COMMISSIONER SOUTH WEST KHASI HILLS MAWKRYWAT_IDA),Meghalaya,3175000.0,12,23,12,BOWELMAN,450000.0,0.1417,0.0931,UNKNOWN,False,False,0.0891,['Vendor allocation across implementing agency shows normal distribution.']
REWARI(District Commissioner Rewari),Haryana,21055017.0,21,24,21,SHRI BHAGWAT BHAKTI ASHRAM RAMPURA REWARI,3300000.0,0.1567,0.0722,UNKNOWN,False,False,0.0831,['Vendor allocation across implementing agency shows normal distribution.']
KOREA(Collector Korea_IDA),Chhattisgarh,3858885.0,15,19,14,GRAM PANCHAYAT KAILASHPUR,500000.0,0.1296,0.0839,UNKNOWN,False,False,0.0808,['Vendor allocation across implementing agency shows normal distribution.']
LOWER SIANG(Deputy Commisioner Lower Siang_IDA),Arunachal Pradesh,6800000.0,12,19,19,IGE BOJE,1000000.0,0.1471,0.07,UNKNOWN,False,False,0.0791,['Vendor allocation across implementing agency shows normal distribution.']
"Siaha(Deputy Commissioner, Siaha)",Mizoram,6712500.0,20,39,20,K CHHALAI,1000000.0,0.149,0.0668,UNKNOWN,False,False,0.0781,['Vendor allocation across implementing agency shows normal distribution.']
BALANGIR(DISTRICT COLLECTOR BOLANGIR_IDA),Odisha,4493424.0,15,15,15,ALOK KUMAR NAYAK,500000.0,0.1113,0.0703,UNKNOWN,False,False,0.0685,['Vendor allocation across implementing agency shows normal distribution.']
SOUTH WEST GARO HILLS(DEPUTY COMMISSIONER SOUTH WEST GARO HILLS AMPATI_IDA),Meghalaya,4350000.0,18,33,18,DONBOSH N SANGMA,500000.0,0.1149,0.0672,UNKNOWN,False,False,0.0681,['Vendor allocation across implementing agency shows normal distribution.']
SOUTH GARO HILLS(DEPUTY COMMISSIONER BAGHMARA_IDA),Meghalaya,4850000.0,18,26,18,RAKMAN SANGMA,500000.0,0.1031,0.0737,UNKNOWN,False,False,0.0678,['Vendor allocation across implementing agency shows normal distribution.']
BHANDARA(DISTRICT COLLECTOR BHANDARA_IDA),Maharashtra,11567674.0,17,17,16,GRAM PANCHAYAT CHANDORI,1196975.0,0.1035,0.0662,UNKNOWN,False,False,0.0641,['Vendor allocation across implementing agency shows normal distribution.']
EAST JAINTIA HILLS(DEPUTY COMMISSIONER EAST JAINTIA HILLS KHLIEHRIAT_IDA),Meghalaya,7100000.0,20,36,20,SEIN RAIJ BATAW,750000.0,0.1056,0.0619,UNKNOWN,False,False,0.0626,['Vendor allocation across implementing agency shows normal distribution.']
SANGLI(DISTRICT COLLECTOR SANGLI_IDA),Maharashtra,27133283.0,25,25,22,COSINE GREEN POWER,3086456.0,0.1138,0.0538,UNKNOWN,False,False,0.061,['Vendor allocation across implementing agency shows normal distribution.']
BARPETA(DEPUTY COMMISSIONER BARPETA 1),Assam,11690000.0,23,27,23,CL STG DEV EA FIL DAL STR MRM,1000000.0,0.0855,0.0571,UNKNOWN,False,False,0.0542,['Vendor allocation across implementing agency shows normal distribution.']
Dharashiv(DISTRICT COLLECTOR OSMANABAD_IDA),Maharashtra,21379625.0,31,32,23,CHAIRMAN SHRAMJIVI MAJOOR SAHAKARI SANSTHA TULJAPUR,1890945.0,0.0884,0.0541,UNKNOWN,False,False,0.0536,['Vendor allocation across implementing agency shows normal distribution.']
SATARA(DISTRICT COLLECTOR SATARA_IDA),Maharashtra,17132398.0,23,23,23,SWAPNIL RAGHUNATH THORAT,1489610.0,0.0869,0.0493,UNKNOWN,False,False,0.0507,['Vendor allocation across implementing agency shows normal distribution.']
BIKANER(DISTRICT COLLECTOR BIKANER_IDA),Rajasthan,29892821.0,28,37,26,AKHIL BHARTIYA BISHNOI MAHASABHA,2499935.0,0.0836,0.0493,UNKNOWN,False,False,0.0497,['Vendor allocation across implementing agency shows normal distribution.']
DHAMTARI(DISTRICT COLLECTOR DHAMTARI_IDA),Chhattisgarh,13929364.0,24,42,23,GRAM PANCHAYAT KODEGAON RY,1050000.0,0.0754,0.051,UNKNOWN,False,False,0.0481,['Vendor allocation across implementing agency shows normal distribution.']
BONGAIGAON(Deputy Commissioner Bongaigaon_IDA),Assam,27808800.0,35,46,35,CONSTRUCTION OF LT LINE FOR PROVIDING POWER SUPPLY TO STREET LIGHTS,2400000.0,0.0863,0.0389,PRIVATE_ENTITY,False,False,0.0453,['Vendor allocation across implementing agency shows normal distribution.']
WEST JAINTIA HILLS(DEPUTY COMMISSIONER WEST JAINTIA HILLS JOWAI_IDA),Meghalaya,12094000.0,38,55,37,RI WAR JAINTIA COLLEGE,1000000.0,0.0827,0.0366,UNKNOWN,False,False,0.0431,['Vendor allocation across implementing agency shows normal distribution.']
KALIMPONG(District Magistrate Kalimpong_IDA),West Bengal,13921653.0,28,29,27,NITESH PRADHAN,894000.0,0.0642,0.0401,UNKNOWN,False,False,0.0393,['Vendor allocation across implementing agency shows normal distribution.']
KAMRUP METRO(DEPUTY COMMISSIONER KAMRUP METROPOLITAN_IDA),Assam,39934688.0,50,72,51,CONST OF BYE LANE NO 1 HOLLY HOME SENIOR SECONDARY SCHOOL ROAD,2500000.0,0.0626,0.0298,UNKNOWN,False,False,0.0337,['Vendor allocation across implementing agency shows normal distribution.']
BHADRAK(DISTRICT COLLECTOR BHADRAK_IDA),Odisha,15252069.0,40,41,39,NRUSINGHA CHARAN DUTTA,600000.0,0.0393,0.0278,UNKNOWN,False,False,0.0257,['Vendor allocation across implementing agency shows normal distribution.']
"EAST KHASI HILLS(Deputy Commissioner, East Khasi Hills District)",Meghalaya,21845000.0,59,80,57,PGT COLLEGE,1000000.0,0.0458,0.0231,UNKNOWN,False,False,0.0253,['Vendor allocation across implementing agency shows normal distribution.']
